title,critic_score,critic_sentiment,audience_score,audience_sentiment
Raat Akeli Hai: The Bansal Murders,,,,
Wake Up Dead Man: A Knives Out Mystery,93%,positive,94%,positive
Jay Kelly,76%,positive,87%,positive
Train Dreams,95%,positive,90%,positive
The Perfect Neighbor,99%,positive,81%,positive
Frankenstein,85%,positive,94%,positive
Glass Onion: A Knives Out Mystery,91%,positive,92%,positive
My Secret Santa,79%,positive,41%,negative
Jingle Bell Heist,73%,positive,42%,negative
365 Days,0%,negative,36%,negative
A HOUSE OF DYNAMITE,75%,positive,77%,positive
28 Years Later,89%,positive,63%,positive
Champagne Problems,75%,positive,65%,positive
Klaus,95%,positive,96%,positive
A Merry Little Ex-Mas,50%,negative,35%,negative
KPop Demon Hunters,95%,positive,99%,positive
Christmas With the Kranks,5%,negative,40%,negative
The Woman in Cabin 10,26%,negative,32%,negative
Stand by Me,92%,positive,94%,positive
Last Christmas,46%,negative,81%,positive
Fatman,43%,negative,84%,positive
The Hustle,13%,negative,44%,negative
Troll 2,56%,negative,35%,negative
Evelyn,100%,positive,74%,positive
The Northman,90%,positive,64%,positive
Babylon,57%,negative,52%,negative
Fifty Shades of Grey,25%,negative,41%,negative
Honest Thief,41%,negative,87%,positive
House of Gucci,61%,positive,83%,positive
The Night Before,69%,positive,61%,positive
The Fanatic,15%,negative,32%,negative
After,18%,negative,64%,positive
Troll,90%,positive,51%,negative
The Christmas Chronicles,67%,positive,76%,positive
Ballad of a Small Player,48%,negative,51%,negative
That Christmas,67%,positive,74%,positive
Nouvelle Vague,90%,positive,84%,positive
The Thursday Murder Club,77%,positive,53%,negative
Jingle Jangle: A Christmas Journey,91%,positive,69%,positive
Tenet,70%,positive,76%,positive
Until Dawn,51%,negative,66%,positive
Happy Christmas,75%,positive,37%,negative
Under the Shadow,99%,positive,70%,positive
Wind River,87%,positive,90%,positive
The Electric State,14%,negative,67%,positive
Don't Worry Darling,38%,negative,74%,positive
A Boy Called Christmas,83%,positive,62%,positive
Brightburn,57%,negative,67%,positive
Hit Man,95%,positive,89%,positive
Steve,78%,positive,66%,positive
The Little Things,45%,negative,67%,positive
Carry-On,88%,positive,52%,negative
Meet Joe Black,48%,negative,81%,positive
Karate Kid: Legends,58%,negative,90%,positive
The Wolf of Wall Street,79%,positive,83%,positive
Pulp Fiction,92%,positive,96%,positive
Love Hard,53%,negative,89%,positive
Havoc,64%,positive,35%,negative
What Lies Beneath,49%,negative,58%,negative
In Your Dreams,86%,positive,78%,positive
Idiocracy,71%,positive,61%,positive
The Wild Robot,97%,positive,98%,positive
The Dark Tower,16%,negative,44%,negative
Zodiac,90%,positive,77%,positive
Hot Frosty,76%,positive,52%,negative
The Killer,85%,positive,61%,positive
The Carman Family Deaths,,,,
"Are You There God? It's Me, Margaret.",99%,positive,94%,positive
The Maze Runner,66%,positive,68%,positive
Cast Away,88%,positive,84%,positive
The Martian,91%,positive,91%,positive
Kraven the Hunter,15%,negative,72%,positive
I Know What You Did Last Summer,36%,negative,67%,positive
Let It Snow,85%,positive,48%,negative
Leave the World Behind,73%,positive,36%,negative
Forrest Gump,75%,positive,95%,positive
Training Day,74%,positive,89%,positive
The Irishman,95%,positive,86%,positive
The Power of the Dog,94%,positive,76%,positive
His House,100%,positive,72%,positive
Paddington 2,99%,positive,89%,positive
Zero Dark Thirty,91%,positive,80%,positive
Rebel Ridge,95%,positive,73%,positive
Collateral,86%,positive,84%,positive
Taxi Driver,89%,positive,93%,positive
The Island,39%,negative,63%,positive
Single All the Way,70%,positive,67%,positive
Don't Look Up,56%,negative,78%,positive
28 Days Later,87%,positive,85%,positive
The Passion of the Christ,49%,negative,81%,positive
Ready Player One,71%,positive,77%,positive
As Good as It Gets,86%,positive,86%,positive
The Fakenapping,,,,
Premonition,8%,negative,50%,negative
Dr. Seuss' The Cat in the Hat,10%,negative,58%,negative
The Wonderful Story of Henry Sugar,95%,positive,82%,positive
Gerald's Game,91%,positive,70%,positive
The Terminator,90%,positive,89%,positive
Baby Driver,92%,positive,86%,positive
One of Them Days,94%,positive,89%,positive
The Lincoln Lawyer,83%,positive,82%,positive
Terminator 2: Judgment Day,91%,positive,95%,positive
Baramulla,54%,negative,92%,positive
White Chicks,15%,negative,55%,negative
The Stringer: The Man Who Took the Photo,92%,positive,,
The King,71%,positive,84%,positive
Our Little Secret,37%,negative,51%,negative
The Star,45%,negative,71%,positive
Falling for Christmas,62%,positive,41%,negative
Night Always Comes,51%,negative,41%,negative
El Camino: A Breaking Bad Movie,92%,positive,81%,positive
Anaconda,39%,negative,24%,negative
Inside Man,86%,positive,85%,positive
The Noel Diary,73%,positive,64%,positive
The Gray Man,46%,negative,90%,positive
Happy Gilmore 2,62%,positive,64%,positive
How to Lose a Guy in 10 Days,42%,negative,77%,positive
A Castle for Christmas,75%,positive,41%,negative
Oblivion,53%,negative,61%,positive
Host,98%,positive,71%,positive
The Hateful Eight,74%,positive,77%,positive
All the Empty Rooms,,,,
Transformers,57%,negative,85%,positive
Spy Game,64%,positive,75%,positive
The Hurt Locker,96%,positive,84%,positive
Who Killed Santa? A Murderville Murder Mystery,91%,positive,80%,positive
The Hangover,79%,positive,84%,positive
Hustle,94%,positive,93%,positive
True Grit,95%,positive,85%,positive
Nonnas,82%,positive,72%,positive
The Emoji Movie,6%,negative,36%,negative
Wallace & Gromit: Vengeance Most Fowl,100%,positive,91%,positive
The New Yorker at 100,64%,positive,,
Phantom Thread,91%,positive,71%,positive
Mean Girls,84%,positive,66%,positive
Mad Max: Fury Road,97%,positive,86%,positive
Hacksaw Ridge,84%,positive,92%,positive
The Stranger,92%,positive,74%,positive
Darkest Hour,84%,positive,83%,positive
Reptile,44%,negative,71%,positive
Just Mercy,85%,positive,99%,positive
Everybody's Fine,47%,negative,53%,negative
47 Ronin,16%,negative,48%,negative
On Swift Horses,53%,negative,70%,positive
The Green Mile,78%,positive,94%,positive
The Mask,81%,positive,68%,positive
The Book of Eli,46%,negative,65%,positive
10 Things I Hate About You,72%,positive,69%,positive
It Ends With Us,54%,negative,87%,positive
Plane,78%,positive,94%,positive
Brick,44%,negative,25%,negative
The Christmas Chronicles 2,66%,positive,45%,negative
Holidate,45%,negative,54%,negative
Traffic,93%,positive,85%,positive
Emilia Pérez,71%,positive,17%,negative
Limitless,68%,positive,74%,positive
Donnie Darko,88%,positive,80%,positive
RRR,96%,positive,94%,positive
Blue Beetle,78%,positive,90%,positive
It's What's Inside,80%,positive,70%,positive
Memoirs of a Geisha,35%,negative,83%,positive
The Curious Case of Benjamin Button,72%,positive,80%,positive
Joy Ride,90%,positive,81%,positive
Cheaper by the Dozen,25%,negative,56%,negative
Identity,63%,positive,75%,positive
Snatch,74%,positive,93%,positive
Scarface,79%,positive,93%,positive
Love and Wine,,,,
Little Women,92%,positive,84%,positive
The Christmas Contract,,,54%,negative
The Guilty,73%,positive,51%,negative
Bram Stoker's Dracula,69%,positive,79%,positive
The Harder They Fall,88%,positive,93%,positive
Damsel,56%,negative,59%,negative
Venom: The Last Dance,40%,negative,79%,positive
They Cloned Tyrone,95%,positive,82%,positive
My Oxford Year,29%,negative,39%,negative
Transformers: Rise of the Beasts,51%,negative,91%,positive
Crazy Rich Asians,91%,positive,76%,positive
1922,92%,positive,58%,negative
Best. Christmas. Ever!,40%,negative,19%,negative
Woman of the Hour,91%,positive,68%,positive
Pig,97%,positive,83%,positive
Redeeming Love,11%,negative,95%,positive
Ambulance,68%,positive,87%,positive
Land of Bad,66%,positive,93%,positive
Don't Say a Word,24%,negative,49%,negative
Heart Eyes,78%,positive,76%,positive
Christmas Bloody Christmas,78%,positive,42%,negative
The Outfit,86%,positive,92%,positive
Marriage Story,95%,positive,85%,positive
The Devil All the Time,65%,positive,79%,positive
Here,36%,negative,59%,negative
Maze Runner: The Scorch Trials,47%,negative,54%,negative
Elmo & Mark Rober's Merry Giftmas,,,,
Game Night,85%,positive,78%,positive
The Hangover Part III,21%,negative,44%,negative
Captain Phillips,93%,positive,89%,positive
Transformers: Revenge of the Fallen,19%,negative,57%,negative
Rebel Moon: Part One - A Child of Fire,22%,negative,56%,negative
I'm Thinking of Ending Things,82%,positive,50%,negative
Mean Girls,68%,positive,62%,positive
Upgrade,88%,positive,88%,positive
The Ballad of Buster Scruggs,89%,positive,78%,positive
The Goonies,77%,positive,91%,positive
Judas and the Black Messiah,96%,positive,95%,positive
Transformers: Age of Extinction,18%,negative,50%,negative
Triple Frontier,71%,positive,58%,negative
1917,88%,positive,88%,positive
This Is the End,82%,positive,71%,positive
Enola Holmes,91%,positive,71%,positive
The Knight Before Christmas,71%,positive,42%,negative
Maze Runner: The Death Cure,42%,negative,58%,negative
Bad Shabbos,84%,positive,82%,positive
The Ritual,74%,positive,63%,positive
The Way Back,85%,positive,84%,positive
Family Switch,47%,negative,43%,negative
The Pledge,78%,positive,59%,negative
Slender Man,8%,negative,17%,negative
Transformers: Dark of the Moon,35%,negative,55%,negative
Death Becomes Her,58%,negative,62%,positive
Deep Impact,45%,negative,43%,negative
The Life List,48%,negative,70%,positive
The Pale Blue Eye,62%,positive,69%,positive
12 Strong,50%,negative,62%,positive
May December,91%,positive,65%,positive
The Snowman,7%,negative,19%,negative
The Adam Project,68%,positive,73%,positive
The Merry Gentlemen,39%,negative,22%,negative
Polar,20%,negative,70%,positive
Creep,91%,positive,66%,positive
The Equalizer,61%,positive,77%,positive
Dog Man,82%,positive,81%,positive
Mr. & Mrs. Smith,60%,positive,58%,negative
Elvis,77%,positive,94%,positive
Confessions of a Shopaholic,26%,negative,49%,negative
Ne Zha,89%,positive,98%,positive
Coach Carter,63%,positive,85%,positive
Becoming Santa,,,23%,negative
The Ugly Truth,14%,negative,60%,positive
Fractured,56%,negative,53%,negative
Operation Mincemeat,83%,positive,65%,positive
Paddington in Peru,93%,positive,90%,positive
Red Notice,37%,negative,92%,positive
Rango,88%,positive,70%,positive
The Old Guard 2,27%,negative,33%,negative
Sex Tape,16%,negative,33%,negative
The Infiltrator,72%,positive,71%,positive
The Patriot,61%,positive,81%,positive
Labyrinth,77%,positive,86%,positive
8 Mile,76%,positive,54%,negative
Exterritorial,80%,positive,52%,negative
Molly's Game,82%,positive,84%,positive
The Penguin Lessons,78%,positive,95%,positive
Jarhead,60%,positive,68%,positive
Stowaway,75%,positive,44%,negative
Star Trek,94%,positive,91%,positive
Fair Play,86%,positive,54%,negative
Broke,91%,positive,80%,positive
To All the Boys I've Loved Before,96%,positive,84%,positive
Godzilla: King of the Monsters,42%,negative,83%,positive
Scrooge: A Christmas Carol,40%,negative,66%,positive
Teenage Mutant Ninja Turtles: Mutant Mayhem,95%,positive,90%,positive
The Amazing Spider-Man,71%,positive,77%,positive
Den of Thieves: Pantera,62%,positive,79%,positive
Kung Fu Panda,87%,positive,83%,positive
Matt Rife: Unwrapped - A Christmas Crowd Work Special,,,,
Red Dragon,69%,positive,74%,positive
The Forty-Year-Old Version,99%,positive,72%,positive
Cheaper by the Dozen 2,8%,negative,57%,negative
Fifty Shades Darker,11%,negative,48%,negative
The Amazing Spider-Man 2,51%,negative,64%,positive
Roma,96%,positive,72%,positive
Sweet Home Alabama,38%,negative,78%,positive
Ice Road: Vengeance,15%,negative,24%,negative
The Wrong Paris,67%,positive,63%,positive
The Other Guys,78%,positive,60%,positive
The White House Effect,94%,positive,,
Ghost,74%,positive,80%,positive
Despicable Me 4,55%,negative,86%,positive
White Noise,64%,positive,33%,negative
Cats,19%,negative,53%,negative
The Hangover Part II,35%,negative,52%,negative
Back in Action,30%,negative,60%,positive
Non-Stop,62%,positive,63%,positive
Set It Up,92%,positive,69%,positive
Unbroken,53%,negative,70%,positive
Uglies,14%,negative,43%,negative
Undercover Grandpa,,,30%,negative
The Six Triple Eight,56%,negative,72%,positive
Masaka Kids: A Rhythm Within,,,,
Meet Me Next Christmas,69%,positive,41%,negative
STRAW,55%,negative,69%,positive
Kevin Hart: Acting My Age,,,29%,negative
Crooked House,57%,negative,54%,negative
Spaceman,50%,negative,65%,positive
Operation Finale,60%,positive,67%,positive
The Mitchells vs. the Machines,97%,positive,89%,positive
The Garfield Movie,36%,negative,79%,positive
Overcomer,59%,negative,98%,positive
Boyhood,97%,positive,80%,positive
Official Secrets,82%,positive,89%,positive
Ace Ventura: Pet Detective,47%,negative,57%,negative
Lady Chatterley's Lover,86%,positive,73%,positive
Hot Girls Wanted,83%,positive,54%,negative
Ghostbusters: Frozen Empire,42%,negative,81%,positive
The LEGO Movie 2: The Second Part,84%,positive,67%,positive
Vacation,27%,negative,45%,negative
Bridesmaids,89%,positive,76%,positive
Christmas Break-In,,,18%,negative
Swelter,,,24%,negative
The Founder,80%,positive,82%,positive
Spiderhead,39%,negative,30%,negative
Bird Box,64%,positive,58%,negative
Robin Hood,43%,negative,58%,negative
The Princess Switch,63%,positive,52%,negative
Self/less,18%,negative,46%,negative
Groundhog Day,94%,positive,88%,positive
The Mortal Instruments: City of Bones,13%,negative,58%,negative
Daughters,100%,positive,91%,positive
Safe House,52%,negative,63%,positive
The Foreigner,66%,positive,72%,positive
The Twits,50%,negative,44%,negative
Don't Move,75%,positive,40%,negative
We're the Millers,48%,negative,77%,positive
Fifty Shades Freed,11%,negative,38%,negative
Incantation,79%,positive,65%,positive
Fall for Me,,,,
The Lost Daughter,94%,positive,56%,negative
Tyler Perry's A Madea Christmas,21%,negative,70%,positive
The Cloverfield Paradox,22%,negative,41%,negative
Bad Boys: Ride or Die,65%,positive,96%,positive
The Deliverance,34%,negative,39%,negative
The Laundromat,42%,negative,40%,negative
Elysium,64%,positive,58%,negative
The Woman in the Window,25%,negative,32%,negative
His Three Daughters,97%,positive,82%,positive
Cowboys & Aliens,44%,negative,43%,negative
In the Heights,94%,positive,94%,positive
Tarot,17%,negative,56%,negative
Dr. Seuss' the Lorax,53%,negative,63%,positive
This Is 40,52%,negative,50%,negative
About My Father,37%,negative,81%,positive
Dante's Peak,28%,negative,39%,negative
Descendant,100%,positive,64%,positive
Robin Robin,100%,positive,82%,positive
Knocked Up,90%,positive,83%,positive
Christine,73%,positive,65%,positive
Being Eddie,74%,positive,57%,negative
The Midnight Sky,49%,negative,26%,negative
Election,92%,positive,79%,positive
The 5th Wave,17%,negative,38%,negative
"I Love You, Man",82%,positive,74%,positive
The Strangers,50%,negative,48%,negative
Match Point,77%,positive,81%,positive
Harriet,74%,positive,97%,positive
Synchronic,79%,positive,76%,positive
The Outrun,82%,positive,82%,positive
That's My Boy,20%,negative,51%,negative
Dodgeball: A True Underdog Story,72%,positive,76%,positive
Friends With Benefits,69%,positive,65%,positive
Hold the Dark,69%,positive,33%,negative
A Christmas Prince,73%,positive,49%,negative
Mango,,,,
K-19: The Widowmaker,60%,positive,53%,negative
A League of Their Own,82%,positive,84%,positive
Caramelo,,,93%,positive
I Care a Lot,79%,positive,36%,negative
The Good Nurse,74%,positive,76%,positive
Hancock,42%,negative,59%,negative
Rebecca,37%,negative,39%,negative
Tower Heist,67%,positive,48%,negative
Shiva Baby,96%,positive,76%,positive
The A-Team,48%,negative,66%,positive
Bombshell,67%,positive,84%,positive
Subservience,49%,negative,36%,negative
Eagle Eye,27%,negative,62%,positive
Bad Teacher,46%,negative,36%,negative
Kung Fu Panda 2,82%,positive,74%,positive
I Believe in Santa,,,27%,negative
Sing,71%,positive,73%,positive
Y tu mamá también,90%,positive,88%,positive
Teenage Mutant Ninja Turtles,20%,negative,50%,negative
Boyz N the Hood,96%,positive,93%,positive
Luther: The Fallen Sun,67%,positive,85%,positive
The Dead Don't Die,55%,negative,38%,negative
The Wonder,85%,positive,72%,positive
Clear and Present Danger,81%,positive,74%,positive
Purple Hearts,32%,negative,69%,positive
When a Stranger Calls,8%,negative,44%,negative
Hillbilly Elegy,24%,negative,81%,positive
The 355,24%,negative,86%,positive
What Happens Later,51%,negative,28%,negative
A Family Affair,36%,negative,31%,negative
I Came By,70%,positive,49%,negative
Munich: The Edge of War,83%,positive,78%,positive
Shark Tale,35%,negative,46%,negative
Hollow Man,25%,negative,28%,negative
The Ridiculous 6,0%,negative,37%,negative
Liar Liar,83%,positive,75%,positive
The Nun II,51%,negative,72%,positive
Extraction,67%,positive,71%,positive
Father Christmas Is Back,,,15%,negative
Chicken Run,97%,positive,65%,positive
Calibre,100%,positive,79%,positive
Extinction,32%,negative,47%,negative
Kung Fu Panda 3,87%,positive,79%,positive
Death Note,36%,negative,23%,negative
King Richard,90%,positive,98%,positive
The Karate Kid,67%,positive,67%,positive
Apostle,79%,positive,53%,negative
The Call,100%,positive,79%,positive
The Interpreter,57%,negative,54%,negative
Dolemite Is My Name,97%,positive,91%,positive
Deadstream,92%,positive,75%,positive
Spectral,78%,positive,53%,negative
Creep 2,100%,positive,72%,positive
The Old Guard,80%,positive,70%,positive
Piece By Piece,83%,positive,89%,positive
The Unforgivable,38%,negative,75%,positive
How It Ends,17%,negative,17%,negative
Persuasion,30%,negative,72%,positive
The Room Next Door,80%,positive,76%,positive
In the Tall Grass,36%,negative,33%,negative
The Squid and the Whale,91%,positive,81%,positive
99 Homes,92%,positive,78%,positive
The Union,35%,negative,24%,negative
Battleship,33%,negative,54%,negative
Intrusion,19%,negative,58%,negative
The Trial of the Chicago 7,89%,positive,90%,positive
Army Of The Dead,68%,positive,74%,positive
Mowgli: Legend of the Jungle,52%,negative,51%,negative
Entergalactic,97%,positive,93%,positive
The Weekend Away,42%,negative,37%,negative
2 Guns,64%,positive,66%,positive
Cloudy With a Chance of Meatballs,85%,positive,72%,positive
Maestro,78%,positive,57%,negative
Rogue Agent,72%,positive,66%,positive
The Blackening,87%,positive,85%,positive
El Camino Christmas,,,41%,negative
A Nonsense Christmas with Sabrina Carpenter,100%,positive,71%,positive
Plankton: The Movie,71%,positive,69%,positive
Fast Times at Ridgemont High,78%,positive,80%,positive
Enola Holmes 2,93%,positive,79%,positive
High Plains Drifter,94%,positive,85%,positive
Extraction 2,80%,positive,84%,positive
Lust Stories 2,60%,positive,57%,negative
Blonde,43%,negative,36%,negative
The Sunlit Night,31%,negative,64%,positive
Outlaw King,63%,positive,69%,positive
Ma Rainey's Black Bottom,97%,positive,72%,positive
The Silence,30%,negative,25%,negative
In Waves and War,,,,
Ad Vitam,43%,negative,33%,negative
Angel Has Fallen,38%,negative,93%,positive
Saturday Night,77%,positive,83%,positive
The Dig,88%,positive,78%,positive
Mr. Deeds,22%,negative,59%,negative
Charlie's Angels,68%,positive,45%,negative
Dirty Dancing,72%,positive,90%,positive
Murder Mystery,43%,negative,47%,negative
"Tick, Tick... Boom!",88%,positive,96%,positive
The Last Stand,61%,positive,53%,negative
The White Tiger,91%,positive,79%,positive
#Alive,88%,positive,63%,positive
Beasts of No Nation,91%,positive,92%,positive
Ferris Bueller's Day Off,83%,positive,92%,positive
Hulk,63%,positive,29%,negative
Pineapple Express,68%,positive,73%,positive
Project Power,61%,positive,46%,negative
After We Collided,13%,negative,93%,positive
Sand Castle,47%,negative,47%,negative
Apocalypse in the Tropics,90%,positive,80%,positive
The Half of It,97%,positive,81%,positive
Da 5 Bloods,92%,positive,53%,negative
Over the Hedge,75%,positive,71%,positive
Bad Trip,80%,positive,75%,positive
Wicked Little Letters,80%,positive,92%,positive
Runaway Bride,45%,negative,52%,negative
Sunday Best,100%,positive,96%,positive
Maria,76%,positive,76%,positive
A California Christmas,,,52%,negative
Stripes,88%,positive,79%,positive
Dreamgirls,79%,positive,71%,positive
Kingpin,51%,negative,69%,positive
The Kissing Booth,17%,negative,55%,negative
Beverly Hills Cop: Axel F,67%,positive,75%,positive
Pain Hustlers,23%,negative,64%,positive
Godzilla,20%,negative,28%,negative
The Boy Next Door,12%,negative,35%,negative
Despicable Me 3,58%,negative,53%,negative
The Secret Life of Pets,70%,positive,62%,positive
Lion,84%,positive,91%,positive
Love at First Sight,76%,positive,81%,positive
French Lover,,,63%,positive
G.I. Joe: Retaliation,29%,negative,48%,negative
Leo,84%,positive,89%,positive
Lou,69%,positive,61%,positive
The Highwaymen,58%,negative,75%,positive
I Know What You Did Last Summer,47%,negative,41%,negative
6 Underground,36%,negative,60%,positive
iHostage,,,19%,negative
Battlefield Earth,3%,negative,12%,negative
The Wretched,74%,positive,47%,negative
Will & Harper,99%,positive,82%,positive
A Very Murray Christmas,68%,positive,38%,negative
Parenthood,92%,positive,76%,positive
Sister Act,73%,positive,65%,positive
The Outsider,13%,negative,67%,positive
All the Bright Places,67%,positive,62%,positive
Atlas,18%,negative,47%,negative
Code 8,85%,positive,62%,positive
Nimona,92%,positive,90%,positive
Fixed,56%,negative,42%,negative
Marmaduke,0%,negative,37%,negative
The Sea Beast,94%,positive,83%,positive
Cargo,88%,positive,67%,positive
Still Alice,85%,positive,85%,positive
Blue Streak,35%,negative,64%,positive
Mudbound,97%,positive,85%,positive
Tell Them You Love Me,100%,positive,83%,positive
Firestarter,10%,negative,47%,negative
Daddio,75%,positive,89%,positive
G.I. Joe: The Rise of Cobra,33%,negative,50%,negative
Okja,87%,positive,81%,positive
A Very Vintage Christmas,,,25%,negative
Did You Hear About the Morgans?,12%,negative,27%,negative
Spencer,83%,positive,52%,negative
Hunger,86%,positive,64%,positive
The Karate Kid,81%,positive,83%,positive
Mary,28%,negative,36%,negative
Geronimo: An American Legend,52%,negative,52%,negative
The Mother,43%,negative,62%,positive
Unknown Number: The High School Catfish,85%,positive,69%,positive
Army of Thieves,69%,positive,69%,positive
Orion and the Dark,91%,positive,57%,negative
Private Life,94%,positive,79%,positive
Ace Ventura: When Nature Calls,23%,negative,72%,positive
Malcolm & Marie,57%,negative,67%,positive
You Are So Not Invited to My Bat Mitzvah,91%,positive,60%,positive
Miracles From Heaven,45%,negative,80%,positive
The Kitchen,89%,positive,45%,negative
Ghost Rider: Spirit of Vengeance,18%,negative,31%,negative
Till Death,90%,positive,53%,negative
Christmas With You,65%,positive,60%,positive
Dr. Seuss's The Sneetches,,,,
Grenfell: Uncovered,100%,positive,,
R.I.P.D.,13%,negative,38%,negative
Saving Bikini Bottom: The Sandy Cheeks Movie,50%,negative,30%,negative
Kubo and the Two Strings,97%,positive,86%,positive
Saban's Power Rangers,51%,negative,65%,positive
Unfrosted,39%,negative,49%,negative
Fear Street Part One: 1994,84%,positive,63%,positive
Lift,31%,negative,33%,negative
Holiday in the Wild,43%,negative,51%,negative
The Babysitter,70%,positive,62%,positive
The Ice Road,43%,negative,31%,negative
Lust Stories,100%,positive,66%,positive
The Hating Game,68%,positive,74%,positive
Day Shift,57%,negative,76%,positive
K-PAX,41%,negative,75%,positive
Sinister 2,14%,negative,31%,negative
Things Heard & Seen,39%,negative,23%,negative
The Fundamentals of Caring,80%,positive,83%,positive
Turbo,68%,positive,65%,positive
My Octopus Teacher,93%,positive,91%,positive
The Longest Yard,31%,negative,62%,positive
Rebel Moon - Part One: Director's Cut,53%,negative,73%,positive
Life of the Party,38%,negative,40%,negative
Nowhere,71%,positive,58%,negative
The Devil's Own,34%,negative,41%,negative
The Remarkable Life of Ibelin,97%,positive,95%,positive
"My Father, the BTK Killer",,,,
The Mauritanian,75%,positive,85%,positive
How to Be Single,45%,negative,47%,negative
Incoming,24%,negative,52%,negative
Rebel Moon: Part Two - The Scargiver,16%,negative,47%,negative
Run Rabbit Run,38%,negative,27%,negative
Blood & Gold,85%,positive,67%,positive
Fear Street: Prom Queen,27%,negative,24%,negative
The Shadow Strays,92%,positive,78%,positive
What Happened to Monday,62%,positive,67%,positive
Harold and the Purple Crayon,27%,negative,89%,positive
I Don't Feel at Home in This World Anymore,89%,positive,77%,positive
The Secret: Dare to Dream,28%,negative,72%,positive
White Noise,7%,negative,31%,negative
A Secret Love,100%,positive,88%,positive
Manodrome,49%,negative,23%,negative
Madea's Destination Wedding,11%,negative,37%,negative
Marry Me,61%,positive,92%,positive
Radio,34%,negative,79%,positive
The Red Sea Diving Resort,27%,negative,77%,positive
The School for Good and Evil,38%,negative,66%,positive
Planet 51,23%,negative,40%,negative
Christmas Inheritance,43%,negative,41%,negative
Thank You for Your Service,77%,positive,73%,positive
Christmas on Mistletoe Farm,,,38%,negative
Eurovision Song Contest: The Story of Fire Saga,63%,positive,77%,positive
The Boy Who Harnessed the Wind,86%,positive,88%,positive
Aloha,20%,negative,29%,negative
A Classic Horror Story,55%,negative,35%,negative
Kick-Ass 2,33%,negative,57%,negative
You People,39%,negative,34%,negative
Tell Me Who I Am,97%,positive,86%,positive
Bright,26%,negative,83%,positive
Sea of Love,76%,positive,66%,positive
The Host,10%,negative,50%,negative
Joy,89%,positive,88%,positive
Freelance,10%,negative,78%,positive
Tehran,,,,
The Open House,7%,negative,8%,negative
Anger Management,42%,negative,59%,negative
Ouija,6%,negative,24%,negative
Kate,45%,negative,52%,negative
Aileen: Queen of the Serial Killers,,,49%,negative
White House Down,52%,negative,62%,positive
Always Be My Maybe,89%,positive,80%,positive
Buy Now: The Shopping Conspiracy,,,76%,positive
Good Grief,76%,positive,70%,positive
Against the Ice,57%,negative,73%,positive
"""Sr.""",97%,positive,90%,positive
Hit & Run,49%,negative,49%,negative
Luckiest Girl Alive,42%,negative,71%,positive
Mank,83%,positive,62%,positive
Your Place or Mine,31%,negative,35%,negative
Malevolent,54%,negative,18%,negative
Mr. Peabody & Sherman,81%,positive,73%,positive
Seven Kings Must Die,82%,positive,71%,positive
Texas Chainsaw Massacre,31%,negative,25%,negative
Sing Street,95%,positive,92%,positive
"Paul, Apostle of Christ",49%,negative,83%,positive
The Two Popes,89%,positive,88%,positive
Knight of Cups,47%,negative,38%,negative
ONE SHOT with Ed Sheeran,100%,positive,,
War Room,34%,negative,87%,positive
Do Revenge,86%,positive,77%,positive
Lara Croft Tomb Raider: The Cradle of Life,24%,negative,44%,negative
The Guernsey Literary and Potato Peel Pie Society,82%,positive,81%,positive
The Long Game,82%,positive,97%,positive
The Rat Catcher,100%,positive,61%,positive
Kabhi Khushi Kabhie Gham,100%,positive,88%,positive
Risen,53%,negative,70%,positive
Dil Chahtha Hain,100%,positive,94%,positive
"Extremely Wicked, Shockingly Evil and Vile",54%,negative,57%,negative
Silenced,100%,positive,93%,positive
Windfall,59%,negative,38%,negative
Becoming Led Zeppelin,85%,positive,95%,positive
Dhoom Dhaam,56%,negative,76%,positive
The Land Before Time,65%,positive,79%,positive
The Land of Steady Habits,83%,positive,50%,negative
A Private War,87%,positive,63%,positive
Ruth & Boaz,,,,
The Discovery,48%,negative,43%,negative
The Old Ways,97%,positive,46%,negative
The Siege of Jadotville,64%,positive,74%,positive
The Wrong Missy,33%,negative,57%,negative
Ip Man,86%,positive,93%,positive
PK,80%,positive,85%,positive
Pieces of a Woman,76%,positive,84%,positive
Daddy Day Care,28%,negative,48%,negative
Raat Akeli Hai,100%,positive,87%,positive
RV,23%,negative,46%,negative
La Dolce Villa,75%,positive,60%,positive
The Starling,19%,negative,72%,positive
Fletch,79%,positive,81%,positive
Inside Man: Most Wanted,,,62%,positive
Spenser Confidential,35%,negative,51%,negative
Heart of Stone,31%,negative,50%,negative
The Kindergarten Teacher,90%,positive,68%,positive
Abducted in Plain Sight,74%,positive,74%,positive
Fear Street Part Two: 1978,88%,positive,81%,positive
National Lampoon's Animal House,91%,positive,89%,positive
Sweet Girl,24%,negative,49%,negative
Scoop,76%,positive,64%,positive
Cloudy With a Chance of Meatballs 2,71%,positive,66%,positive
Lonely Planet,39%,negative,38%,negative
Downton Abbey,84%,positive,94%,positive
I Am Mother,89%,positive,75%,positive
Interceptor,47%,negative,33%,negative
Ittefaq,91%,positive,76%,positive
How to Rob a Bank,100%,positive,73%,positive
Big Momma's House,31%,negative,57%,negative
Operation Christmas Drop,50%,negative,43%,negative
Mosul,83%,positive,82%,positive
Naked,0%,negative,32%,negative
The Dirt,37%,negative,94%,positive
The Perfection,71%,positive,56%,negative
Trial by Fire,63%,positive,75%,positive
Crossroads,15%,negative,41%,negative
Hotel Transylvania 3: Summer Vacation,62%,positive,49%,negative
The Night Comes for Us,92%,positive,83%,positive
The Man From Toronto,24%,negative,46%,negative
The Princess Switch: Switched Again,56%,negative,35%,negative
The Strays,52%,negative,27%,negative
The Piano Lesson,88%,positive,64%,positive
A Deadly American Marriage,,,76%,positive
Hypnotic,25%,negative,25%,negative
Night of the Living Dead,95%,positive,87%,positive
Me Time,7%,negative,32%,negative
Chicken Run: Dawn of the Nugget,83%,positive,69%,positive
Sniper: The Last Stand,,,,
Wish Upon,20%,negative,31%,negative
Sister Act 2: Back in the Habit,19%,negative,61%,positive
The Sweetest Thing,25%,negative,64%,positive
After Everything,,,81%,positive
Eli,52%,negative,36%,negative
Paradise,55%,negative,59%,negative
Locked In,33%,negative,24%,negative
Here Comes the Boom,42%,negative,65%,positive
The Wedding Ringer,29%,negative,63%,positive
After Ever Happy,0%,negative,92%,positive
Kicking & Screaming,41%,negative,43%,negative
Murder Mystery 2,46%,negative,45%,negative
Night Teeth,38%,negative,49%,negative
The Golden Child,22%,negative,47%,negative
Mr. Harrigan's Phone,47%,negative,50%,negative
Some Other Woman,43%,negative,36%,negative
He's All That,29%,negative,23%,negative
Bird Box Barcelona,53%,negative,43%,negative
Faithfully Yours,60%,positive,28%,negative
Spellbound,48%,negative,47%,negative
Gunpowder Milkshake,60%,positive,48%,negative
The Do Over,9%,negative,42%,negative
My Friend Dahmer,85%,positive,61%,positive
Not Easily Broken,31%,negative,67%,positive
Haseen Dillruba,57%,negative,73%,positive
Before I Wake,67%,positive,48%,negative
Someone Great,84%,positive,65%,positive
Time Cut,26%,negative,32%,negative
Ultraman: Rising,86%,positive,91%,positive
Outside,80%,positive,52%,negative
The Bubble,20%,negative,30%,negative
Girl Haunts Boy,92%,positive,82%,positive
Isn't It Romantic,70%,positive,51%,negative
Animal Factory,83%,positive,59%,negative
Ip Man 3,76%,positive,73%,positive
The Package,37%,negative,50%,negative
Awe!,100%,positive,88%,positive
Outside the Wire,37%,negative,53%,negative
The Last Days of American Crime,0%,negative,22%,negative
Ip Man 4: The Finale,85%,positive,95%,positive
The Witcher: Sirens of the Deep,58%,negative,37%,negative
Blue Giant,100%,positive,98%,positive
Cunk on Life,100%,positive,81%,positive
The One,13%,negative,51%,negative
The Titan,21%,negative,15%,negative
We Can Be Heroes,76%,positive,40%,negative
Wallace & Gromit: The Curse of the Were-Rabbit,95%,positive,79%,positive
Hidden Strike,25%,negative,54%,negative
Tulip Fever,10%,negative,42%,negative
All Saints,95%,positive,72%,positive
Awake,22%,negative,26%,negative
All I See Is You,30%,negative,29%,negative
The Out-Laws,22%,negative,36%,negative
Bank of Dave,86%,positive,88%,positive
The Karate Kid Part II,49%,negative,52%,negative
Old Dads,27%,negative,83%,positive
I Used to be Funny,83%,positive,67%,positive
Clown,46%,negative,38%,negative
The Social Dilemma,84%,positive,83%,positive
Tin & Tina,63%,positive,23%,negative
Casper,59%,negative,51%,negative
The Last Letter From Your Lover,55%,negative,79%,positive
Viral,56%,negative,29%,negative
AfrAId,25%,negative,50%,negative
Beckett,49%,negative,34%,negative
Between the Temples,84%,positive,42%,negative
Our Souls at Night,91%,positive,76%,positive
Annie,49%,negative,69%,positive
Metal Lords,62%,positive,84%,positive
Fear Street Part Three: 1666,89%,positive,75%,positive
IO,33%,negative,19%,negative
The Paper Tigers,98%,positive,93%,positive
Aftermath,,,18%,negative
Asoka,100%,positive,69%,positive
The Wandering Earth,70%,positive,51%,negative
Sangre Del Toro,,,,
The Deepest Breath,85%,positive,93%,positive
The Holiday Calendar,33%,negative,43%,negative
Worth,81%,positive,75%,positive
El Conde,83%,positive,59%,negative
Irish Wish,41%,negative,42%,negative
Velvet Buzzsaw,61%,positive,36%,negative
War Machine,48%,negative,35%,negative
Bo Burnham: Inside,95%,positive,93%,positive
Dolly Parton's Christmas on the Square,64%,positive,52%,negative
Rim of the World,31%,negative,47%,negative
Timecop,43%,negative,39%,negative
Goosebumps 2: Haunted Halloween,48%,negative,37%,negative
Squad 36,,,,
The Beautiful Game,88%,positive,66%,positive
The Call,44%,negative,65%,positive
The Takeover,,,78%,positive
I Still Know What You Did Last Summer,10%,negative,29%,negative
On the Basis of Sex,72%,positive,76%,positive
Anon,38%,negative,36%,negative
Look Both Ways,62%,positive,72%,positive
Choose or Die,31%,negative,46%,negative
Happy Ending,57%,negative,58%,negative
She Said Maybe,,,,
The Water Horse: Legend of the Deep,74%,positive,62%,positive
The Bad Batch,45%,negative,30%,negative
Fatherhood,67%,positive,71%,positive
Gold,41%,negative,46%,negative
There's Someone Inside Your House,47%,negative,19%,negative
When the Game Stands Tall,21%,negative,72%,positive
Wine Country,66%,positive,33%,negative
I Am the Pretty Thing That Lives in the House,59%,negative,24%,negative
To the Bone,69%,positive,65%,positive
Passing,91%,positive,86%,positive
Athena,87%,positive,71%,positive
Secret Obsession,29%,negative,42%,negative
Big Momma's House 2,5%,negative,57%,negative
Gunjan Saxena: The Kargil Girl,100%,positive,26%,negative
Happy New Year,53%,negative,51%,negative
The Witcher: Nightmare of the Wolf,100%,positive,83%,positive
Wheelman,87%,positive,66%,positive
Senior Year,23%,negative,51%,negative
The Bad Guys: A Very Bad Holiday,,,44%,negative
The Breaker Upperers,89%,positive,51%,negative
I Am All Girls,,,66%,positive
Moxie,70%,positive,68%,positive
Kuch Kuch Hota Hai,80%,positive,92%,positive
Rebel Moon - Part Two: Director's Cut,67%,positive,76%,positive
Mea Culpa,18%,negative,36%,negative
Paddleton,89%,positive,87%,positive
After We Fell,8%,negative,40%,negative
High Flying Bird,91%,positive,49%,negative
Rescued by Ruby,88%,positive,86%,positive
Veer-Zaara,93%,positive,88%,positive
Blue Jay,91%,positive,78%,positive
Kinda Pregnant,28%,negative,28%,negative
Missing: The Lucie Blackman Case,86%,positive,79%,positive
My Dad's Christmas Date,,,34%,negative
UnBroken,,,100%,positive
K.O.,,,58%,negative
The Block Island Sound,90%,positive,44%,negative
The Willoughbys,92%,positive,66%,positive
22-Jul,80%,positive,69%,positive
Holiday Engagement,,,35%,negative
Athlete A,100%,positive,93%,positive
Christmas in the Heartland,,,63%,positive
Horse Girl,72%,positive,49%,negative
Lost Girls,72%,positive,50%,negative
Om Shanti Om,80%,positive,77%,positive
Yes Day,52%,negative,55%,negative
Your Lucky Day,90%,positive,54%,negative
Eloá the Hostage: Live on TV,,,,
If Anything Happens I Love You,100%,positive,93%,positive
Rez Ball,94%,positive,80%,positive
She's Gotta Have It,94%,positive,72%,positive
Poison,94%,positive,70%,positive
The Legend of Zorro,27%,negative,47%,negative
Rob Peace,75%,positive,94%,positive
Trigger Warning,20%,negative,16%,negative
First They Killed My Father,88%,positive,81%,positive
Dining With the Kapoors,,,,
Norm Macdonald: Nothing Special,100%,positive,85%,positive
Delicious,,,15%,negative
Vivo,86%,positive,74%,positive
Zero,31%,negative,80%,positive
Jewel Thief - The Heist Begins,5%,negative,,
Over the Moon,81%,positive,69%,positive
Stutz,96%,positive,96%,positive
Icarus,92%,positive,93%,positive
May the Devil Take You,79%,positive,58%,negative
The Karate Kid Part III,18%,negative,35%,negative
The Monkey King,56%,negative,63%,positive
The Perfect Find,72%,positive,79%,positive
Bulbbul,88%,positive,76%,positive
Sector 36,47%,negative,71%,positive
Take Care of Maya,93%,positive,93%,positive
The Big 4,100%,positive,82%,positive
Zindaji Na Milegi Dobara,89%,positive,86%,positive
Dear Zindagi,73%,positive,76%,positive
Slumberland,40%,negative,85%,positive
Tall Girl,42%,negative,23%,negative
Ajeeb Daastaans,100%,positive,65%,positive
Bajrangi Bhaijaan,88%,positive,87%,positive
Heart of Champions,31%,negative,72%,positive
Prey,20%,negative,6%,negative
The Babysitter: Killer Queen,46%,negative,57%,negative
The Kissing Booth 3,25%,negative,19%,negative
Wish Dragon,71%,positive,77%,positive
You Gotta Believe,55%,negative,91%,positive
Home Team,22%,negative,63%,positive
The Time That Remains,,,,
Hubie Halloween,54%,negative,49%,negative
The Princess Switch 3: Romancing the Star,57%,negative,42%,negative
The Swimmers,82%,positive,84%,positive
Thunder Force,22%,negative,23%,negative
Furioza,,,55%,negative
Spy Kids: Armageddon,54%,negative,40%,negative
A Sun,94%,positive,89%,positive
Chak De India,89%,positive,92%,positive
Dilwale,20%,negative,53%,negative
Humans in the Loop,,,,
AKA,90%,positive,74%,positive
The Storied Life of A.J. Fikry,35%,negative,88%,positive
Peter Rabbit,64%,positive,56%,negative
Prevenge,92%,positive,53%,negative
Scout's Honor: The Secret Files of the Boy Scouts of America,94%,positive,80%,positive
A Shaun the Sheep Movie: Farmageddon,96%,positive,79%,positive
Apollo 13: Survival,100%,positive,89%,positive
Found,95%,positive,87%,positive
Stolen: Heist of the Century,,,,
A Beautiful Life,43%,negative,82%,positive
Like Father,48%,negative,47%,negative
Race,64%,positive,77%,positive
Red Dot,75%,positive,32%,negative
The Other Side of the Wind,82%,positive,57%,negative
Wendell & Wild,80%,positive,64%,positive
Mission Majnu,25%,negative,61%,positive
The Rebound,41%,negative,47%,negative
Adam Sandler: Love You,92%,positive,67%,positive
Faraway,83%,positive,89%,positive
"Monica, O My Darling",81%,positive,89%,positive
Mute,20%,negative,47%,negative
Nyad,86%,positive,86%,positive
The Perfect Date,67%,positive,37%,negative
Aap Jaisa Koi,40%,negative,,
Back to the Outback,81%,positive,69%,positive
Hudson Hawk,30%,negative,56%,negative
The Angel,67%,positive,62%,positive
14 Peaks: Nothing Is Impossible,92%,positive,93%,positive
Alice,29%,negative,60%,positive
Blue Crush,62%,positive,58%,negative
Blue Mountain State: The Rise of Thadland,,,46%,negative
God's Crooked Lines,77%,positive,79%,positive
Infiesto,80%,positive,41%,negative
Inspector Zende,64%,positive,,
Boy Erased,80%,positive,74%,positive
Orgasm Inc.: The Story of OneTaste,83%,positive,40%,negative
The Lost Husband,57%,negative,61%,positive
Message From the King,50%,negative,50%,negative
Saaho,7%,negative,55%,negative
The Last Thing He Wanted,5%,negative,14%,negative
Songs from the Hole,88%,positive,,
Article 15,90%,positive,94%,positive
Next Gen,86%,positive,69%,positive
Night Raiders,83%,positive,47%,negative
American Factory,95%,positive,82%,positive
Butterfly in the Sky,100%,positive,90%,positive
The Boss Baby: Christmas Bonus,,,52%,negative
Tomorrow May Never Come,70%,positive,91%,positive
We Have Always Lived in the Castle,84%,positive,71%,positive
Dumplin',86%,positive,72%,positive
Raees,62%,positive,63%,positive
The Swan,95%,positive,73%,positive
Work It,85%,positive,75%,positive
A Little White Lie,35%,negative,76%,positive
"Crouching Tiger, Hidden Dragon: Sword of Destiny",25%,negative,39%,negative
Dracula,64%,positive,59%,negative
The Tinder Swindler,97%,positive,79%,positive
Good on Paper,53%,negative,38%,negative
Mountain Queen: The Summits of Lhakpa Sherpa,100%,positive,90%,positive
Circus of Books,98%,positive,79%,positive
Happiness for Beginners,35%,negative,52%,negative
Rustin,83%,positive,82%,positive
The Last: Naruto the Movie,,,82%,positive
The Mustang,95%,positive,76%,positive
We Have a Ghost,44%,negative,61%,positive
Inheritance,,,31%,negative
Sandy Wexler,27%,negative,39%,negative
See You Yesterday,93%,positive,38%,negative
Bleach,67%,positive,74%,positive
Pedro Páramo,77%,positive,76%,positive
Sundown,78%,positive,63%,positive
The Prom,54%,negative,61%,positive
Two Distant Strangers,94%,positive,60%,positive
13TH,97%,positive,90%,positive
Dil Dhadakne Do,68%,positive,72%,positive
Sly,81%,positive,85%,positive
The Menendez Brothers,,,74%,positive
"Game Over, Man!",19%,negative,50%,negative
Sanju,41%,negative,83%,positive
Swades,89%,positive,91%,positive
The Greatest Night in Pop,98%,positive,89%,positive
The Zookeeper's Wife,64%,positive,76%,positive
DEVO,85%,positive,,
Holiday Rush,,,43%,negative
My Father's Dragon,87%,positive,71%,positive
Welcome to Marwen,33%,negative,48%,negative
What Jennifer Did,55%,negative,43%,negative
A Love Song for Latasha,100%,positive,79%,positive
ARQ,43%,negative,47%,negative
Take Me Home Tonight,27%,negative,42%,negative
A California Christmas: City Lights,,,42%,negative
Little Evil,92%,positive,47%,negative
Players,53%,negative,44%,negative
Sarah Silverman: Postmortem,,,,
Talaash,86%,positive,65%,positive
You Get Me,,,26%,negative
Procession,98%,positive,82%,positive
Tyler Perry's A Madea Homecoming,36%,negative,74%,positive
Wild Wild Punjab,31%,negative,73%,positive
Find Me Falling,43%,negative,67%,positive
Sergio,44%,negative,70%,positive
Tau,30%,negative,49%,negative
The Hard Way,,,15%,negative
Us and Them,100%,positive,91%,positive
Blame!,,,60%,positive
Frybread Face and Me,96%,positive,81%,positive
Monster,,,90%,positive
Paws of Fury: The Legend of Hank,56%,negative,67%,positive
River Wild,77%,positive,37%,negative
Step Sisters,22%,negative,44%,negative
Student of the Year,50%,negative,49%,negative
Tramps,91%,positive,68%,positive
True Spirit,74%,positive,71%,positive
A Christmas Prince: The Royal Wedding,50%,negative,38%,negative
I Used to Be Famous,89%,positive,83%,positive
Kodachrome,74%,positive,72%,positive
Small Engine Repair,78%,positive,85%,positive
Titan: The OceanGate Disaster,74%,positive,66%,positive
Lakshya,,,85%,positive
The Sentinel,48%,negative,45%,negative
Trollhunters: Rise of the Titans,88%,positive,46%,negative
Victim/Suspect,79%,positive,74%,positive
Badla,63%,positive,75%,positive
Concrete Cowboy,80%,positive,70%,positive
Svaha: The Sixth Finger,,,76%,positive
Badrinath Ki Dulhania,80%,positive,61%,positive
Biggest Heist Ever,,,,
Bordertown,,,63%,positive
Code 8: Part II,73%,positive,63%,positive
Guest House,0%,negative,39%,negative
Karthik Calling Karthik,80%,positive,51%,negative
Shimmer Lake,67%,positive,59%,negative
The Devil on Trial,33%,negative,45%,negative
The True Memoirs of an International Assassin,0%,negative,43%,negative
Brahman Naman,70%,positive,46%,negative
Brother,87%,positive,80%,positive
Darlings,70%,positive,62%,positive
Don't Die: The Man Who Wants to Live Forever,75%,positive,52%,negative
"Love, Guaranteed",60%,positive,36%,negative
Murder at Yellowstone City,24%,negative,50%,negative
Rise of the Teenage Mutant Ninja Turtles: The Movie,79%,positive,93%,positive
Your Name Engraved Herein,89%,positive,91%,positive
Along for the Ride,58%,negative,81%,positive
Brazen,14%,negative,14%,negative
Leanne Morgan: Unspeakable Things,,,,
My Little Pony: A New Generation,92%,positive,79%,positive
A Normal Woman,,,,
Homunculus,,,32%,negative
Kabhi Alvida Naa Kehna,58%,negative,68%,positive
Pee-wee's Big Holiday,85%,positive,62%,positive
Bhool Bhulaiyaa,33%,negative,72%,positive
Chor Nikal Ke Bhaga,67%,positive,83%,positive
Don't Let Go,42%,negative,79%,positive
End Game,100%,positive,77%,positive
Hijack '93,,,,
Madame Claude,20%,negative,33%,negative
This Youth Is Crazy,70%,positive,65%,positive
Bubble,52%,negative,70%,positive
Martha,90%,positive,94%,positive
Money Shot: The Pornhub Story,84%,positive,66%,positive
The 8th Night,71%,positive,39%,negative
Billu Barber,60%,positive,47%,negative
Double Team,11%,negative,25%,negative
The Lovebirds,66%,positive,51%,negative
All Day and a Night,54%,negative,59%,negative
Behind the Curtain: Stranger Things The First Shadow,,,,
Between Two Ferns: The Movie,73%,positive,44%,negative
Chaos: The Manson Murders,56%,negative,22%,negative
Dave Chappelle: Sticks & Stones,42%,negative,98%,positive
Groom & Two Brides,,,,
New Gods: Nezha Reborn,80%,positive,90%,positive
Otherhood,30%,negative,71%,positive
Phir Aayi Hasseen Dillruba,38%,negative,54%,negative
Dil Se,60%,positive,80%,positive
Is That Black Enough for You?!?,100%,positive,63%,positive
Phir Bhi Dil Hai Hindustani,,,55%,negative
Small Crimes,65%,positive,33%,negative
The Incredible Jessica James,88%,positive,65%,positive
The Sleepover,67%,positive,71%,positive
A Jazzman's Blues,67%,positive,85%,positive
CTRL,44%,negative,58%,negative
The After Party,,,85%,positive
The Elephant Whisperers,100%,positive,89%,positive
Vampires vs. The Bronx,91%,positive,45%,negative
Outside In,96%,positive,80%,positive
To All the Boys: P.S. I Still Love You,78%,positive,41%,negative
Visaranai,100%,positive,97%,positive
A Week Away,61%,positive,89%,positive
Clinical,,,23%,negative
Duck Butter,55%,negative,40%,negative
End of the Road,32%,negative,16%,negative
Famous Last Words: Dr. Jane Goodall,,,,
He Never Died,88%,positive,65%,positive
To All the Boys: Always and Forever,79%,positive,58%,negative
iBoy,69%,positive,40%,negative
A Christmas Prince: The Royal Baby,36%,negative,40%,negative
Love Is in the Air,29%,negative,52%,negative
Mimi,25%,negative,91%,positive
The Saint of Second Chances,100%,positive,97%,positive
Audible,100%,positive,78%,positive
Camp Confidential: America's Secret Nazis,100%,positive,68%,positive
Dog Gone,43%,negative,67%,positive
Einstein and the Bomb,83%,positive,53%,negative
Skywalkers: A Love Story,75%,positive,94%,positive
What Did Jack Do?,93%,positive,71%,positive
Afterlife of the Party,59%,negative,71%,positive
Close to You,67%,positive,47%,negative
Matt Rife: Lucid - A Crowd Work Special,,,47%,negative
The Last Laugh,53%,negative,37%,negative
Dostana,81%,positive,68%,positive
Kill Tony: Kill or Be Killed,,,43%,negative
Ladies vs. Ricky Bahl,67%,positive,38%,negative
Student of the Year 2,6%,negative,21%,negative
The Black Book,,,71%,positive
The Boys in the Band,85%,positive,74%,positive
Voyeur,79%,positive,60%,positive
Yara,,,50%,negative
Chalte Chalte,,,72%,positive
Coffee & Kareem,21%,negative,30%,negative
Disclosure,98%,positive,85%,positive
Father of the Year,0%,negative,50%,negative
Sweet Bobby: My Catfish Nightmare,70%,positive,45%,negative
The Week Of,26%,negative,35%,negative
Thelma the Unicorn,60%,positive,42%,negative
A Futile and Stupid Gesture,67%,positive,71%,positive
Dude,,,36%,negative
Hannah Gadsby: Nanette,100%,positive,26%,negative
Hell Camp: Teen Nightmare,80%,positive,50%,negative
Mascots,48%,negative,36%,negative
TEST,18%,negative,,
Wild Is the Wind,,,64%,positive
A Perfect Pairing,50%,negative,67%,positive
Amanda Knox,82%,positive,71%,positive
Fatal Affair,18%,negative,17%,negative
Gerry Dee: Funny You Should Say That,,,,
Matt Rife: Natural Selection,,,19%,negative
Michelle Wolf: The Well,,,,
"Pamela, a Love Story",96%,positive,92%,positive
Pangolin: Kulu's Journey,,,,
Penguin Bloom,66%,positive,78%,positive
Shane Gillis: Beautiful Dogs,,,92%,positive
The Hatchet Wielding Hitchhiker,93%,positive,45%,negative
The Loud House Movie,,,60%,positive
The Royal Treatment,35%,negative,39%,negative
Uncorked,94%,positive,63%,positive
Barry,80%,positive,50%,negative
BigBug,47%,negative,72%,positive
Chamatkar,,,53%,negative
Kathal: A Jackfruit Mystery,73%,positive,75%,positive
Lolo and the Kid,100%,positive,88%,positive
The Magician's Elephant,66%,positive,79%,positive
Think Like a Man Too,23%,negative,59%,negative
American Symphony,94%,positive,74%,positive
Murder Mubarak,63%,positive,49%,negative
Simón,92%,positive,94%,positive
Ali Wong: Baby Cobra,100%,positive,75%,positive
America: The Motion Picture,34%,negative,42%,negative
Guru,92%,positive,84%,positive
Jab Harry Met Sejal,29%,negative,51%,negative
"Jim & Andy: The Great Beyond - Featuring a Very Special, Contractually Obligated Mention of Tony Clifton",92%,positive,87%,positive
Khufiya,59%,negative,40%,negative
Meenakshi Sundareshwar,40%,negative,50%,negative
Nadaaniyan,12%,negative,26%,negative
Toscana,83%,positive,42%,negative
Woody Woodpecker Goes to Camp,20%,negative,55%,negative
Beast,43%,negative,60%,positive
Blue Miracle,68%,positive,74%,positive
Britain and the Blitz,,,,
Feel the Beat,53%,negative,55%,negative
Ghosts of Sugar Land,100%,positive,50%,negative
Green Snake,,,70%,positive
Kick,43%,negative,53%,negative
Ludo,75%,positive,80%,positive
Shark Night,19%,negative,22%,negative
Dangerous Lies,24%,negative,35%,negative
Dave Chappelle: The Dreamer,20%,negative,82%,positive
One of Us,96%,positive,83%,positive
Ramjane,,,44%,negative
Avicii - I'm Tim,,,95%,positive
Dick Johnson Is Dead,99%,positive,78%,positive
Hands of Stone,44%,negative,52%,negative
Inside the Mind of a Dog,,,77%,positive
Lionheart,100%,positive,65%,positive
Matt McCusker: A Humble Offering,,,,
Schumacher,60%,positive,71%,positive
Silver Skates,40%,negative,86%,positive
The Last Summer,33%,negative,31%,negative
Wedding Season,88%,positive,66%,positive
6 Balloons,86%,positive,56%,negative
Bitconned,100%,positive,67%,positive
Cuba and the Cameraman,100%,positive,93%,positive
Falling Inn Love,71%,positive,55%,negative
Love. Wedding. Repeat,35%,negative,38%,negative
When We First Met,45%,negative,58%,negative
An Action Hero,85%,positive,72%,positive
Close,35%,negative,36%,negative
Deep Fear,,,29%,negative
Into the Inferno,92%,positive,73%,positive
Kingdom of Us,100%,positive,83%,positive
Malang,44%,negative,80%,positive
Mo Amer: Wild World,,,,
The Sand Castle,,,66%,positive
Jai Ho,14%,negative,47%,negative
Rattlesnake,32%,negative,17%,negative
Sing: Thriller,,,,
The Kissing Booth 2,29%,negative,38%,negative
Tune in for Love,,,75%,positive
A True Gentleman,,,,
Biggie: I Got a Story to Tell,78%,positive,82%,positive
Capturing the Killer Nurse,71%,positive,54%,negative
Don,,,79%,positive
Handsome: A Netflix Mystery Movie,,,32%,negative
Irreplaceable You,33%,negative,60%,positive
Jacqueline Novak: Get on Your Knees,100%,positive,76%,positive
Love in the Villa,32%,negative,53%,negative
Main Hoon Na,,,82%,positive
Mother of the Bride,13%,negative,19%,negative
My Big Fat Greek Wedding 2,28%,negative,52%,negative
My Suicide,50%,negative,81%,positive
Nayattu,100%,positive,91%,positive
The Twister: Caught in the Storm,,,78%,positive
Agneepath,93%,positive,62%,positive
Alex Strangelove,84%,positive,68%,positive
Bo Burnham: Make Happy,100%,positive,91%,positive
Eddie Murphy Raw,79%,positive,85%,positive
Finding 'Ohana,81%,positive,80%,positive
Jim Jefferies: Two Limb Policy,,,44%,negative
Ok Jaanu,38%,negative,42%,negative
Rebel Royals: An Unlikely Love Story,,,,
The Legacy of a Whitetail Deer Hunter,25%,negative,43%,negative
The Roast of Tom Brady,,,66%,positive
Rolling Thunder Revue: A Bob Dylan Story by Martin Scorsese,92%,positive,81%,positive
The Battered Bastards of Baseball,100%,positive,94%,positive
A Heartland Christmas,,,91%,positive
Chupa,71%,positive,57%,negative
Heart of the Hunter,80%,positive,43%,negative
Oklahoma City Bombing: American Terror,,,,
Pray Away,92%,positive,78%,positive
Sierra Burgess Is a Loser,58%,negative,29%,negative
Tallulah,85%,positive,69%,positive
The Polka King,66%,positive,50%,negative
The Quilters,,,,
The Soul,,,81%,positive
The Yin-Yang Master: Dream of Eternity,43%,negative,83%,positive
Tubelight,29%,negative,49%,negative
Udta Punjab,92%,positive,76%,positive
Wedding Planners,,,70%,positive
Chasing Coral,100%,positive,89%,positive
Fistful of Vengeance,45%,negative,66%,positive
Ginny Weds Sunny,17%,negative,65%,positive
Major Grom: Plague Doctor,,,85%,positive
Man on the Run,93%,positive,72%,positive
Minnal Murali,75%,positive,94%,positive
Nate Bargatze: The Greatest Average American,100%,positive,86%,positive
Our Father,80%,positive,61%,positive
Return of the King: The Fall and Rise of Elvis Presley,75%,positive,89%,positive
Sextuplets,21%,negative,39%,negative
The Most Beautiful Girl in the World,,,,
Trailer Park Boys: The Movie,57%,negative,77%,positive
Unicorn Store,66%,positive,43%,negative
A Tourist's Guide to Love,72%,positive,65%,positive
Animal Crackers,67%,positive,76%,positive
Benji,56%,negative,70%,positive
Con Mum,,,,
Gunday,56%,negative,9%,negative
Headshot,73%,positive,57%,negative
Joe Rogan: Burn the Boats,0%,negative,41%,negative
Kill 'Em All 2,,,,
Mixtape,100%,positive,78%,positive
Point Blank,41%,negative,31%,negative
Royalteen,33%,negative,34%,negative
Special Correspondents,16%,negative,31%,negative
The Ghazi Attack,67%,positive,77%,positive
The Seduction of Joe Tynan,75%,positive,38%,negative
What the Health,,,62%,positive
Ae Dil Hai Mushkil,53%,negative,43%,negative
Downfall: The Case Against Boeing,91%,positive,90%,positive
Duck Duck Goose,,,39%,negative
Goyo,86%,positive,85%,positive
Join or Die,95%,positive,,
Lewis Capaldi: How I'm Feeling Now,89%,positive,99%,positive
Shirley,75%,positive,68%,positive
Tall Girl 2,71%,positive,29%,negative
Andhaghaaram,67%,positive,80%,positive
Boruto: Naruto the Movie,,,91%,positive
Disaster Holiday,,,,
Gnome Alone,,,46%,negative
Life in a ... Metro,40%,negative,78%,positive
Military Wives,77%,positive,51%,negative
Nuovo Olimpio,80%,positive,86%,positive
The Gospel,32%,negative,75%,positive
The Soccer Football Movie,,,24%,negative
Virunga,100%,positive,93%,positive
XOXO,71%,positive,52%,negative
Duplicate,,,50%,negative
Jungle Beat: The Movie,,,77%,positive
Kadaisi Nodigal,25%,negative,96%,positive
Love Aaj Kal,20%,negative,41%,negative
Noise,,,9%,negative
Poisoned: The Dirty Truth About Your Food,100%,positive,71%,positive
"Bon Cop, Bad Cop",80%,positive,82%,positive
English Babu Desi Mem,,,37%,negative
Misha and the Wolves,86%,positive,74%,positive
The Archies,61%,positive,80%,positive
The Girl on the Train,8%,negative,23%,negative
A Family,83%,positive,90%,positive
"Hello, Goodbye, and Everything in Between",32%,negative,32%,negative
Kidnapping Stella,,,29%,negative
The Courier,10%,negative,21%,negative
Wham!,89%,positive,88%,positive
6 Years,69%,positive,34%,negative
Ali Wong: Hard Knock Wife,100%,positive,68%,positive
Amy Schumer: Emergency Contact,100%,positive,15%,negative
Ascharyachakit!,,,,
Bharat,30%,negative,53%,negative
Chaahat,,,50%,negative
Ghost Stories,36%,negative,18%,negative
Homecoming: A Film by Beyoncé,98%,positive,87%,positive
Pandora,,,71%,positive
Race 3,13%,negative,18%,negative
Sosyal Climbers,,,,
The Disciple,96%,positive,67%,positive
The Great Hack,85%,positive,67%,positive
The Most Hated Woman in America,40%,negative,41%,negative
Ali's Wedding,92%,positive,77%,positive
Altered Carbon: Resleeved,60%,positive,52%,negative
Babo: The Haftbefehl Story,,,,
Dave Chappelle: The Closer,40%,negative,95%,positive
David Brent: Life on the Road,57%,negative,47%,negative
Don 2,63%,positive,72%,positive
Eerie,,,44%,negative
"Frankenstein's Monster's Monster, Frankenstein",89%,positive,63%,positive
Isi & Ossi,,,72%,positive
Kaal,,,45%,negative
Knock Down the House,99%,positive,11%,negative
Love & Gelato,20%,negative,19%,negative
"Love, Charlie: The Rise and Fall of Chef Charlie Trotter",90%,positive,99%,positive
Nice Girls,,,,
Notebook,22%,negative,92%,positive
Panipat - The Great Betrayal,40%,negative,65%,positive
Phil,27%,negative,39%,negative
Roxanne Roxanne,68%,positive,62%,positive
Shirkers,99%,positive,80%,positive
The Bad Guys: Haunted Heist,,,51%,negative
The Loneliest Whale: The Search for 52,88%,positive,77%,positive
The Truth About Jussie Smollett?,67%,positive,20%,negative
Time to Hunt,69%,positive,62%,positive
Anne+: The Film,,,40%,negative
Catching Feelings,100%,positive,58%,negative
Dhamaka,38%,negative,56%,negative
Double World,,,64%,positive
Ek Ladki Ko Dekha Toh Aisa Laga,71%,positive,66%,positive
Ferry,,,79%,positive
It Was Always You,,,88%,positive
Paheli,63%,positive,66%,positive
Seal Team,,,66%,positive
Sentinelle,70%,positive,49%,negative
13: The Musical,58%,negative,36%,negative
Adam Sandler: 100% Fresh,90%,positive,91%,positive
Air Force Elite: Thunderbirds,,,,
Girl,84%,positive,75%,positive
John Mulaney: Baby J,86%,positive,74%,positive
Jordan Jensen: Take Me With You,,,,
Qala,80%,positive,81%,positive
Sabrina,,,43%,negative
Sahara,,,49%,negative
Secret Magic Control Agency,,,52%,negative
Strong Island,100%,positive,57%,negative
The Casagrandes Movie,,,74%,positive
Audrie & Daisy,87%,positive,73%,positive
Crypto Boy,,,47%,negative
David Attenborough: A Life on Our Planet,96%,positive,96%,positive
Disconnect: The Wedding Planner,,,50%,negative
Gabriel Iglesias: Legend of Fluffy,,,26%,negative
Love Per Square Foot,100%,positive,68%,positive
Manhunt,69%,positive,26%,negative
The Curse of Bridge Hollow,46%,negative,53%,negative
Unknown: The Lost Pyramid,100%,positive,72%,positive
Walk. Ride. Rodeo.,,,50%,negative
Anuja,,,,
Chandni,,,78%,positive
Chhota Bheem & Krishna: Mayanagari,,,,
Chhota Bheem Aur Ganesh in the Amazing Odyssey,,,,
Familia,,,72%,positive
Hack Your Health: The Secrets of Your Gut,,,59%,negative
Ricky Gervais: SuperNature,31%,negative,91%,positive
Team Foxcatcher,100%,positive,86%,positive
The Bleeding Edge,100%,positive,83%,positive
"What Happened, Miss Simone?",90%,positive,85%,positive
"Your Friend, Nate Bargatze",,,62%,positive
Alibaba Aur 40 Chor,,,,
American Son,48%,negative,64%,positive
Black,71%,positive,90%,positive
Bruised,51%,negative,56%,negative
Hilda and the Mountain King,,,93%,positive
Hospital,,,0%,negative
Jamie Foxx: What Had Happened Was...,100%,positive,65%,positive
Kontrabida Academy,,,,
Maria,,,89%,positive
Serious Men,90%,positive,83%,positive
The Only Girl in the Orchestra,,,85%,positive
The Volcano: Rescue From Whakaari,83%,positive,84%,positive
Young Royals: Forever,,,97%,positive
Beats,88%,positive,61%,positive
Buba,,,60%,positive
BuyBust,82%,positive,65%,positive
Christopher -- A Beautiful Real Life,,,,
Cobalt Blue,,,57%,negative
Gaga: Five Foot Two,72%,positive,80%,positive
Giving Voice,100%,positive,68%,positive
Jackass 4.5,80%,positive,50%,negative
Love in the Time of Hysteria,67%,positive,70%,positive
Sebastian Maniscalco: Is It Me?,,,34%,negative
Sillu Karuppatti,100%,positive,,
The Last Man on Earth,79%,positive,69%,positive
The Yin Yang Master,,,79%,positive
White Elephant,95%,positive,56%,negative
Amateur,,,68%,positive
"Bob Ross: Happy Accidents, Betrayal & Greed",79%,positive,72%,positive
Camp Courage,,,99%,positive
Chickenhare and the Hamster of Darkness,,,75%,positive
Forgive Us Our Trespasses,,,79%,positive
Johnny,,,92%,positive
Take Me,68%,positive,50%,negative
#Realityhigh,,,45%,negative
Forever Rich,,,59%,negative
Pagglait,77%,positive,69%,positive
Power,79%,positive,47%,negative
Secrets of the Neanderthals,,,52%,negative
Steph Tolev: Filth Queen,,,,
Zero to Hero,,,75%,positive
All Together Now,70%,positive,71%,positive
Burning Sands,88%,positive,60%,positive
Come Sunday,69%,positive,60%,positive
Como caído del cielo,,,74%,positive
Ferry 2,,,,
Mighty Morphin Power Rangers: Once & Always,78%,positive,85%,positive
Nappily Ever After,71%,positive,70%,positive
Recovery Boys,100%,positive,80%,positive
Ricky Gervais: Armageddon,43%,negative,63%,positive
Struggle: The Life and Lost Art of Szukalski,,,94%,positive
"The Boss, Anatomy of a Crime",,,98%,positive
Togo,80%,positive,67%,positive
Tony Robbins: I Am Not Your Guru,45%,negative,60%,positive
Canvas,,,72%,positive
Dynasty Warriors,25%,negative,48%,negative
Earthquake Bird,48%,negative,54%,negative
Friendzone,,,89%,positive
Game Over,67%,positive,73%,positive
John Was Trying to Contact Aliens,100%,positive,61%,positive
Leanne Morgan: I'm Every Woman,,,93%,positive
Long Shot,88%,positive,83%,positive
Made in China,29%,negative,60%,positive
Mars One,97%,positive,68%,positive
Maya Memsaab,,,43%,negative
Operation Varsity Blues: The College Admissions Scandal,88%,positive,74%,positive
Pelé,84%,positive,74%,positive
Ramprasad Ki Tehrvi,78%,positive,59%,negative
Rosebud Baker: The Mother Lode,,,,
Shark Whisperer,,,78%,positive
Split at the Root,75%,positive,100%,positive
"Strip Down, Rise Up",100%,positive,72%,positive
The Bridge Curse,,,33%,negative
Tigertail,83%,positive,67%,positive
Toolsidas Junior,,,100%,positive
Andrew Schulz: Life,,,70%,positive
Anna Nicole Smith: You Don't Know Me,38%,negative,53%,negative
Arlo the Alligator Boy,85%,positive,84%,positive
Bert Kreischer: Lucky,,,71%,positive
Chris Rock: Selective Outrage,46%,negative,74%,positive
Class of '83,15%,negative,48%,negative
Cold Copy,33%,negative,36%,negative
Eeb Allay Ooo!,100%,positive,56%,negative
GTMAX,,,,
Girlfriend's Day,50%,negative,37%,negative
Good Sam,60%,positive,59%,negative
Joan Didion: The Center Will Not Hold,89%,positive,80%,positive
Kannum Kannum Kollaiyadithaal,,,100%,positive
Lead Me Home,100%,positive,58%,negative
Luka Chuppi,29%,negative,58%,negative
Mike Birbiglia: The Old Man and The Pool,100%,positive,91%,positive
Mukhsin,,,82%,positive
Olivia Rodrigo: GUTS World Tour,,,89%,positive
Paskal,,,45%,negative
Pokémon: The Arceus Chronicles,,,68%,positive
Silverton Siege,71%,positive,61%,positive
State of Alabama vs. Brittany Smith,,,45%,negative
The White Helmets,100%,positive,82%,positive
Transmitzvah,,,,
Anthony Jeselnik: Bones and All,,,73%,positive
Dabangg 3,18%,negative,47%,negative
Dovlatov,80%,positive,54%,negative
Ellen DeGeneres: For Your Approval,33%,negative,42%,negative
Hello Ghost,,,86%,positive
Kountry Wayne: A Woman's Prayer,,,67%,positive
Larissa: The Other Side of Anitta,,,98%,positive
Maktub,,,98%,positive
Mrs. Serial Killer,15%,negative,46%,negative
Oh Baby...,,,91%,positive
Outstanding: A Comedy Revolution,100%,positive,71%,positive
Rebirth,50%,negative,27%,negative
Spookley the Square Pumpkin,,,64%,positive
Umjolo: The Gone Girl,,,,
Unknown: Killer Robots,100%,positive,72%,positive
Yaar Gaddar,,,,
Yuva,,,77%,positive
Aurora,,,22%,negative
Banger,,,,
Bombay Rose,91%,positive,72%,positive
Candy Jar,83%,positive,65%,positive
Dry Martina,57%,negative,17%,negative
Halftime,82%,positive,88%,positive
Ivy + Bean,,,88%,positive
Mysteries of the Terracotta Warriors,,,65%,positive
Plan A Plan B,14%,negative,55%,negative
Remembering Gene Wilder,88%,positive,97%,positive
Thar,63%,positive,69%,positive
The Chase,,,,
Tom Segura: Sledgehammer,,,60%,positive
Vijay 69,64%,positive,,
Amar Singh Chamkila,88%,positive,93%,positive
Birthmarked,12%,negative,57%,negative
Charming,22%,negative,37%,negative
Chris Rock: Tamborine,100%,positive,40%,negative
Diana: The Musical,12%,negative,38%,negative
Honeymoonish,,,36%,negative
Humpty Sharma Ki Dulhania,,,43%,negative
Little Big Women,,,93%,positive
Mercury 13,100%,positive,75%,positive
Mike Birbiglia: The Good Life,,,,
Rising Phoenix,85%,positive,91%,positive
Rock On!,,,87%,positive
Stay on Board: The Leo Baker Story,100%,positive,83%,positive
Take Your Pills: Xanax,,,63%,positive
The Turnaround,,,,
Winter on Fire: Ukraine's Fight for Freedom,89%,positive,92%,positive
A Babysitter's Guide to Monster Hunting,70%,positive,46%,negative
Adú,83%,positive,74%,positive
Benjamin,,,8%,negative
Bhakshak,50%,negative,87%,positive
Borderless Fog,,,35%,negative
Broad Peak,,,50%,negative
Gridlocked,60%,positive,42%,negative
Happiness Is,,,,
Invisible,86%,positive,62%,positive
Jimmy Carr: Natural Born Killer,,,42%,negative
John Mulaney: Kid Gorgeous at Radio City,100%,positive,91%,positive
Justin Bieber's Believe,53%,negative,59%,negative
King of Clones,100%,positive,33%,negative
Monster Hunter: Legends of the Guild,,,39%,negative
Rita Moreno: Just a Girl Who Decided to Go For It,96%,positive,93%,positive
Seeing Allred,100%,positive,82%,positive
Sheng Wang: Sweet & Juicy,,,98%,positive
The Champion,83%,positive,57%,negative
The Man Who Feels No Pain,95%,positive,78%,positive
Trees of Peace,83%,positive,83%,positive
Unknown: Cosmic Time Machine,,,86%,positive
A Naija Christmas,,,,
"Bikram: Yogi, Guru, Predator",96%,positive,74%,positive
Da Kath & Kim Code,,,75%,positive
Desperados,16%,negative,31%,negative
Fukrey,50%,negative,56%,negative
Hasee Toh Phasee,80%,positive,59%,negative
Honeymoon Travels Pvt. Ltd.,,,51%,negative
Indigo Girls: It's Only Life After All,93%,positive,85%,positive
Irul,0%,negative,42%,negative
Jailbreak: Love on the Run,,,,
Justin Willman: Magic Lover,,,,
Kabhi Haan Kabhi Naa,,,83%,positive
Kill Dil,50%,negative,24%,negative
Life Overtakes Me,100%,positive,72%,positive
Private Lesson,,,,
Race to the Summit,,,67%,positive
Stromboli,,,77%,positive
Take Your Pills,58%,negative,46%,negative
Talentime,,,93%,positive
The Sky Is Pink,73%,positive,91%,positive
We Lost Our Human,,,80%,positive
13 Bombs,50%,negative,70%,positive
Budapest,,,33%,negative
Choked: Paisa Bolta Hai,50%,negative,52%,negative
City of Joy,100%,positive,71%,positive
Conan O'Brien: The Kennedy Center Mark Twain Prize for American Humor,,,,
Deidra & Laney Rob a Train,92%,positive,54%,negative
Disco Inferno,,,39%,negative
Happy Anniversary,80%,positive,48%,negative
High & Low: The Movie,,,,
Jogi,60%,positive,91%,positive
Juanita,82%,positive,63%,positive
Kath & Kimderella,26%,negative,35%,negative
Lobola Man,,,80%,positive
Lulli,,,33%,negative
Manson Family Vacation,100%,positive,55%,negative
Mike Birbiglia: My Girlfriend's Boyfriend,100%,positive,86%,positive
Norman's Rare Guitars Documentary,,,,
One More Time,,,58%,negative
Pachamama,,,95%,positive
Pyaar Ka Punchnama,,,60%,positive
Ricky Gervais: Humanity,47%,negative,87%,positive
Ronny Chieng: Love To Hate It,,,,
Semi-Soeter,,,,
The Death and Life of Marsha P. Johnson,97%,positive,73%,positive
The Main Event,29%,negative,26%,negative
Tim Dillon: This Is Your Country,,,69%,positive
Too Young the Hero,,,58%,negative
Ungli,0%,negative,37%,negative
AK vs AK,71%,positive,73%,positive
Agneepath,,,93%,positive
Audrey,79%,positive,69%,positive
Cowspiracy: The Sustainability Secret,,,88%,positive
Cyberbunker: The Criminal Underworld,,,95%,positive
Dancing Queens,40%,negative,58%,negative
Doll House,,,75%,positive
Drive,0%,negative,32%,negative
Elf Pets: Santa's St. Bernards Save Christmas,,,,
Extremis,,,74%,positive
Fe@rLeSS_,,,38%,negative
Guilty,55%,negative,89%,positive
Indoo Ki Jawani,,,,
Kevin Hart: Irresponsible,100%,positive,39%,negative
Luck by Chance,83%,positive,67%,positive
Malibu Rescue,,,58%,negative
Mitt,83%,positive,70%,positive
Quincy,82%,positive,82%,positive
Resort to Love,65%,positive,86%,positive
Rockstar: DUKI from the End of the World,,,,
Stamped From the Beginning,100%,positive,65%,positive
The Final: Attack on Wembley,100%,positive,73%,positive
The Perfect Dictatorship,,,77%,positive
The Seven Deadly Sins: Grudge of Edinburgh - Part 1,,,44%,negative
Tribhanga: Tedhi Medhi Crazy,83%,positive,57%,negative
Unspeakable Acts,,,53%,negative
Vini Jr.,,,27%,negative
Violet Evergarden: Recollections,,,96%,positive
Yeh Ballet,,,88%,positive
A Land Imagined,75%,positive,42%,negative
A Soweto Love Story,,,,
Bangistan,33%,negative,18%,negative
Black Barbie,96%,positive,63%,positive
Bright: Samurai Soul,40%,negative,33%,negative
Cora Bora,78%,positive,44%,negative
Deep,,,29%,negative
Fire in Paradise,83%,positive,77%,positive
Get Me Roger Stone,88%,positive,82%,positive
Girls With Balls,45%,negative,24%,negative
House of Ga'a,,,56%,negative
Katt Williams: Woke Foke,,,29%,negative
Meet the Khumalos,,,,
Modern Masters: SS Rajamouli,67%,positive,,
NAGA,60%,positive,54%,negative
One Two Ka Four,,,45%,negative
Perdida,,,31%,negative
Pete Holmes: I Am Not for Everyone,,,70%,positive
Psycho,,,,
Skandal! Bringing Down Wirecard,,,69%,positive
Skater Girl,88%,positive,85%,positive
Smaller and Smaller Circles,40%,negative,83%,positive
Sohni Mahiwal,,,73%,positive
The Dads,,,99%,positive
Three Songs for Benazir,,,61%,positive
99 Songs,86%,positive,,
Ali Wong: Single Lady,83%,positive,37%,negative
BEAUTY,22%,negative,14%,negative
Blood Brothers: Malcolm X & Muhammad Ali,94%,positive,83%,positive
Coin Heist,,,40%,negative
Cristela Alonzo: Upper Classy,,,,
Divines,84%,positive,74%,positive
Dusty Slay: Wet Heat,,,,
Force 2,58%,negative,44%,negative
Game,,,,
Gori Tere Pyaar Mein,36%,negative,28%,negative
Grizzly II: Revenge,,,,
Hantu Kak Limah,,,,
In Her Hands,58%,negative,36%,negative
Joy,93%,positive,76%,positive
Liberated: The New Sexual Revolution,,,55%,negative
Ludo,,,,
Mae Martin: SAP,80%,positive,61%,positive
Minted,82%,positive,,
Music Teacher,,,67%,positive
Nate Bargatze: The Tennessee Kid,,,96%,positive
Non Negotiable,29%,negative,33%,negative
Rosa Peral’s Tapes,,,38%,negative
Sergio,,,81%,positive
Sky Ladder: The Art of Cai Guo-Qiang,100%,positive,85%,positive
Sun Dogs,,,69%,positive
Take the 10,,,26%,negative
The Accidental Twins,,,90%,positive
The App,,,7%,negative
The Darkness within La Luz del Mundo,100%,positive,,
The Short Game,84%,positive,84%,positive
The Worthy,,,42%,negative
They'll Love Me When I'm Dead,92%,positive,82%,positive
iNumber Number: Jozi Gold,,,72%,positive
A King Like Me,,,,
A Stoning in Fulham County,,,21%,negative
A Triumph of the Heart: The Ricky Bell Story,,,,
Been So Long,92%,positive,64%,positive
Christina P: Mom Genes,,,66%,positive
Cici,,,77%,positive
Dead Kids,17%,negative,69%,positive
Earthquake: Joke Telling Business,,,,
Flashback,,,,
Friday Night Plan,54%,negative,73%,positive
Hero,,,,
Kevin Hart: What Now?,75%,positive,58%,negative
King of Boys,,,,
Living With Leopards ,,,86%,positive
Longest Third Date,67%,positive,71%,positive
Malaal,38%,negative,75%,positive
Mercy,,,13%,negative
Monster Run,,,50%,negative
Mumbai Mafia: Police vs The Underworld,,,90%,positive
My Heroes Were Cowboys,,,86%,positive
"Ram Dass, Going Home",,,68%,positive
Rumspringa,,,42%,negative
Taylor Tomlinson: Have It All,,,75%,positive
Technoboys,,,,
That's Amor,40%,negative,44%,negative
The Bros,,,50%,negative
The Ryan White Story,,,71%,positive
Trailer Park Boys: Countdown to Liquor Day,60%,positive,70%,positive
Ultras,,,37%,negative
A Journey,,,89%,positive
Ali & Ratu Ratu Queens,,,75%,positive
Bartkowiak,,,28%,negative
Black Beach,,,21%,negative
Elena,81%,positive,76%,positive
Fugitive: The Curious Case of Carlos Ghosn,,,39%,negative
Gumrah,,,67%,positive
Hannah Gadsby's Gender Agenda,,,27%,negative
Kaali Khuhi,56%,negative,22%,negative
Live is Life,,,93%,positive
Looop Lapeta,78%,positive,33%,negative
Love Is a Story,,,,
Mixed by Erry,,,93%,positive
Muqaddar Ka Faisla,,,,
Nate Jackson: Super Funny,,,,
Oh Darling! Yeh Hai India,,,25%,negative
One Hit Wonder,,,,
Pinkfong & Baby Shark's Space Adventure,,,,
"Rachel Bloom: Death, Let Me Do My Special",100%,positive,,
Red,,,,
Spivak,,,75%,positive
Suruli,30%,negative,52%,negative
The Lady of Silence: The Mataviejitas Murders,63%,positive,73%,positive
The Larva Island Movie,,,56%,negative
The Legend of Cocaine Island,78%,positive,60%,positive
The Martha Mitchell Effect,100%,positive,71%,positive
Trevor Noah: I Wish You Would,,,44%,negative
Unknown: Cave of Bones,75%,positive,58%,negative
What Are the Odds?,,,,
Ánimas,57%,negative,52%,negative
#Selfie,,,,
A Whole Lifetime with Jamie Demetriou,67%,positive,80%,positive
Alkhallat+,,,69%,positive
Andrew Santino: Cheeseburger,,,80%,positive
Bill Burr Presents: Friends Who Kill,,,11%,negative
Bill Burr: Paper Tiger,88%,positive,96%,positive
Bon Cop Bad Cop 2,75%,positive,72%,positive
Centaur,,,91%,positive
Chelsea Handler: The Feeling,,,,
Earth and Blood,,,78%,positive
Erax,,,,
Frank and Cindy,,,86%,positive
Freestyle,,,,
Hannah Berner: We Ride at Dawn,,,69%,positive
Hannah Gadsby: Douglas,93%,positive,66%,positive
Hannah Gadsby: Something Special,93%,positive,15%,negative
Inside Story,,,,
Ivy + Bean: The Ghost That Had to Go,,,78%,positive
Jack Whitehall: Christmas with my Father,,,17%,negative
Katt Williams: World War III,,,33%,negative
Long Live Brij Mohan,20%,negative,60%,positive
Mark Normand: Soup to Nuts,,,88%,positive
Mike Epps: Ready to Sell Out,,,38%,negative
Mission Blue,,,84%,positive
"Mon Laferte, te amo",,,100%,positive
"Out of Many, One",,,50%,negative
Paradox,29%,negative,40%,negative
Print the Legend,,,81%,positive
Sebastian Maniscalco: Stay Hungry,,,57%,negative
Solo,,,30%,negative
Strange Voices,,,,
Temple of Film: 100 Years of The Egyptian Theatre,,,,
The American Meme,92%,positive,75%,positive
Theo Von: Regular People,,,68%,positive
"Umjolo: My Beginning, My End!",,,,
Venus and Serena,77%,positive,69%,positive
A Sunday Affair,60%,positive,53%,negative
Adam Ray is Dr. Phil UNLEASHED,,,,
Barbie Princess Adventure,,,37%,negative
Barbie: Dolphin Magic,,,33%,negative
Brian Simpson: Live from the Mothership,,,75%,positive
Chhota Bheem: Dus Pe Dus,,,,
Diorama,67%,positive,,
Dusty Slay: Workin' Man,,,76%,positive
Father Soldier Son,91%,positive,73%,positive
Finding Agnes,,,86%,positive
First Match,85%,positive,81%,positive
Fortune Feimster: Crushing It,,,,
Jefe,,,22%,negative
Keys to the Heart,,,,
Madam Chief Minister,40%,negative,,
Magnificent,23%,negative,23%,negative
Moments,,,85%,positive
Period. End of Sentence.,75%,positive,84%,positive
"Phil Wang: Wang in There, Baby!",,,,
Quiet Victory: The Charlie Wedemeyer Story,,,,
Ralph Barbosa: Cowabunga,,,88%,positive
Rather,94%,positive,73%,positive
Revenge of the Pontianak,,,,
Roohi,,,,
Sawaal,,,91%,positive
Seasons,40%,negative,68%,positive
Spirit Riding Free: The Spirit of Christmas,,,,
Stavros Halkias: Fat Rascal,,,74%,positive
Tanda Tanya,,,,
Thambi,,,,
The Entitled,,,20%,negative
Tom Papa: What A Day!,,,86%,positive
Torching 2024: A Roast of the Year,,,24%,negative
Trevor Noah: Where Was I,,,45%,negative
Umjolo: There Is No Cure,,,,
Upstarts,,,,
Vir Das: Fool Volume,,,,
Vjeran Tomic: The Spider-Man of Paris,,,88%,positive
Yucatán,60%,positive,53%,negative
#Selfie69,,,,
A World Without,,,17%,negative
Aaviri,,,,
Ari Shaffir: America’s Sweetheart,,,,
Asura Guru,,,,
Beth Stelling: If You Didn't Want Me Then,,,68%,positive
Bill Burr: Live at Red Rocks,67%,positive,88%,positive
Casting JonBenét,81%,positive,49%,negative
Dear David,,,63%,positive
Dolly Kitty and Those Twinkling Stars,77%,positive,,
Firebrand,50%,negative,,
Friendship,,,64%,positive
Happiness Ever After,,,,
Hasan Minhaj: Homecoming King,78%,positive,86%,positive
Head to Head,,,80%,positive
Indian,,,81%,positive
Jared Freid: 37 and Single,,,92%,positive
Jewel,20%,negative,,
Jo Koy: Live from Brooklyn,,,77%,positive
Joe Rogan: Strange Times,,,81%,positive
Ladies First,,,71%,positive
Langston Kerman: Bad Poetry,,,,
Liza Treyger: Night Owl,,,,
"Love, Sex and 30 Candles",,,67%,positive
Masameer the Movie,,,,
Nayanthara: Beyond the Fairy Tale,,,,
Nick Kroll: Little Big Boy,,,83%,positive
Patria,,,,
Prince,,,,
Road to High & Low,,,,
Secret Lives of Orangutans,,,,
Secrets in the Hot Spring,,,80%,positive
Snoop Dogg's F*cn Around Comedy Special,,,70%,positive
Sommore: Queen Chandelier,,,99%,positive
Taylor Tomlinson: Look at You,,,87%,positive
"Tell Me Where I Should Go, My Heart",,,,
The Ivory Game,77%,positive,76%,positive
The Rope Curse 2,,,,
Tom Papa: Home Free,,,,
Toro,80%,positive,61%,positive
Uppena,,,,
Wild Dog,40%,negative,,
"¡Ay, mi madre!",,,,
"2,215",,,,
7 Años,,,69%,positive
85 South: Ghetto Legends,,,67%,positive
Aníkúlápó,,,75%,positive
Avicii - My Last Show,,,,
"Ayotzinapa, el paso de la tortuga",,,,
Battle: Freestyle,,,33%,negative
Becoming,93%,positive,56%,negative
Bigfoot Family,,,,
Blood Vessel,,,65%,positive
Chopsticks,20%,negative,72%,positive
Duniya,,,50%,negative
Girl's Revenge,,,,
Gladbeck: The Hostage Crisis,,,57%,negative
Have You Ever Seen Fireflies?,,,82%,positive
In Defense of a Married Man,,,,
In Line,,,,
It Takes a Lunatic,,,80%,positive
Jai Mummy Di,0%,negative,,
Joshua: Teenager vs. Superpower,93%,positive,84%,positive
Julia's Stepping Stones,,,,
Kappela,,,,
Love,,,,
Maska,14%,negative,50%,negative
Mike Birbiglia: Thank God for Jokes,100%,positive,77%,positive
Missed Connections,,,,
My Name Is Mo'Nique,,,52%,negative
My Own Man,,,67%,positive
Never Stop Dreaming: The Life and Legacy of Shimon Peres,,,75%,positive
One,,,,
One Day We'll Talk About Today,,,,
One Last Shot,,,,
Pulang,,,,
Reclaim,,,,
Refugee,,,50%,negative
Sam Jay: 3 in the Morning,86%,positive,62%,positive
Stand Out: An LGBTQ+ Celebration,,,50%,negative
Story of Kale: When Someone's in Love,,,,
Sue Bird: In the Clutch,86%,positive,,
The 9th Precinct,,,,
The Biggest Fan,,,,
The Dreamlife of Georgie Stone,,,67%,positive
The Queenstown Kings,,,,
The Rachel Divide,71%,positive,58%,negative
To Russia with Love,,,,
Trevor Noah: Afraid of the Dark,100%,positive,43%,negative
Umjolo: Day Ones,,,,
"Welcome, Now Get Lost",,,,
Will You Marry?,,,,
Zion,,,77%,positive
100% Halal,,,,
A Tale of Two Kitchens,,,43%,negative
All Because of You,,,,
Ankahi Kahaniya,55%,negative,,
Belmonte,87%,positive,57%,negative
Bhangra Paa Le,,,,
Boi,,,40%,negative
Bridezilla,,,,
C/O Kaadhal,,,,
Chief Daddy 2: Going for Broke,,,11%,negative
Classmates Minus,,,56%,negative
Convergence: Courage in a Crisis,82%,positive,,
Copenhagen Cowboy: Nightcall with Nicolas Winding Refn,,,,
Dave Attell: Hot Cross Buns,,,87%,positive
"Deon Cole: OK, Mister",,,,
Dinner,,,,
Elesin Oba: The King's Horseman,,,78%,positive
Fern Brady: Autistic Bikini Queen,,,88%,positive
Frank and Cindy,,,,
Guna 369,,,,
High Society,,,,
House Arrest,,,,
It's All Over: The Kiss That Changed Spanish Football,,,,
Jerry Seinfeld: 23 Hours to Kill,75%,positive,51%,negative
Kolaiyuthir Kaalam,,,,
La Luna,,,,
Lessons From a School Shooting: Notes From Dunblane,,,78%,positive
Love Goals,0%,negative,64%,positive
Love O2O,,,75%,positive
Mariposa,,,,
My Beautiful Broken Brain,,,75%,positive
My Failing Eyesight,,,,
ONEFOUR: Against All Odds,,,95%,positive
Pete Davidson: Turbo Fonzarelli,,,58%,negative
Professor,,,,
Rachel Feinstein: Big Guy,,,70%,positive
Rafa Márquez: El Capitán,,,71%,positive
Sardar Ka Grandson,20%,negative,41%,negative
Seriously Single,67%,positive,29%,negative
Shawn Mendes: In Wonder,47%,negative,79%,positive
"She Remembers, He Forgets",67%,positive,76%,positive
Soni,82%,positive,72%,positive
Swallow,,,,
The Assistant,,,60%,positive
The Masked Scammer,,,50%,negative
Tig,79%,positive,85%,positive
Trevor Noah: Son of Patricia,,,60%,positive
Tuesdays and Fridays,,,,
Vir Das: Landing,,,76%,positive
We Are Legends,,,,
What If,,,,
Whitney Cummings: Can I Touch It?,,,,
'76,,,20%,negative
After Maria,,,24%,negative
Amy Schumer's Parental Advisory,,,,
Black Sunshine Baby,,,,
Brother's Shadow,,,33%,negative
Catherine Cohen: The Twist...? She's Gorgeous.,,,73%,positive
Chelsea Handler: Revolution,,,50%,negative
Chhota Bheem Aur Krishna,,,,
Civil: Ben Crump,88%,positive,73%,positive
Cops and Robbers,,,,
Crossroads: One Two Jaga,80%,positive,78%,positive
Do Paise Ki Dhoop Chaar Aane Ki Baarish,,,,
Felipe Esparza: Raging Fool,,,,
Feminists: What Were They Thinking?,,,59%,negative
Flash of Love,,,,
Free to Play,,,76%,positive
Generasi 90an: Melankolia,,,,
Hasan Minhaj: Off With His Head,,,,
Hasan Minhaj: The King's Jester,86%,positive,79%,positive
I'll Sleep When I'm Dead,,,58%,negative
Ilary Blasi: The One and Only,,,58%,negative
Illusions for Sale: The Rise and Fall of Generation Zoe,,,,
Joe Rogan: Triggered,,,,
Kandasamys: The Baby,,,29%,negative
Keith Robinson: Different Strokes,,,67%,positive
Kilometers and Kilometers,,,,
Krishna and His Leela,80%,positive,,
Mark Cavendish: Never Enough,,,91%,positive
Michelle Buteau: A Buteau-ful Mind at Radio City Music Hall,,,,
Neal Brennan: Blocks,,,91%,positive
Neal Brennan: Crazy Good,,,97%,positive
R.K. Nagar,,,,
Rainbow,17%,negative,46%,negative
Red Ollero: Mabuhay Is a Lie,,,,
Salaakhen,,,,
Shania Twain: Not Just a Girl,,,75%,positive
Showtime 1958,,,96%,positive
Shéhérazade,,,83%,positive
Tersanjung: The Movie,,,,
The Charm of Love,,,,
The Improv: 60 and Still Standing,,,67%,positive
The Mars Generation,,,68%,positive
The Matchmaker,,,22%,negative
"The Other One: The Long, Strange Trip of Bob Weir",,,88%,positive
To and From New York,,,,
Torbaaz,,,,
UFO,,,,
Uma Maheswara Ugra Roopasya,,,,
Wanda Sykes: I'm An Entertainer,100%,positive,67%,positive
What Happened to Mr. Cha?,,,,
15-Aug,20%,negative,,
A Perfect Fit,,,,
Adam: His Song Continues,,,,
Adrienne Iapalucci: The Dark Queen,,,,
Aelay,,,,
Ahir Shah: Ends,,,,
Amrapali,,,,
Aruna & Her Palate,,,,
Bert Kreischer: Razzle Dazzle,,,56%,negative
Big Mäck: Gangsters and Gold,,,,
Black Is Beltza,,,,
Carlos Almaraz: Playing With Fire,,,,
Carnaval,33%,negative,31%,negative
Chestnut vs. Kobayashi: Unfinished Beef,,,,
Chris Distefano: Speshy Weshy,,,77%,positive
Deaw Special: Super Soft Power,,,,
Declaration,,,,
Deon Cole: Charleen's Boy,,,73%,positive
El club de los buenos infieles,,,50%,negative
For Our Children,,,,
Fortune Feimster: Good Fortune,,,85%,positive
Franco Escamilla: Ladies' Man,,,,
Gabriel Iglesias: Stadium Fluffy,,,66%,positive
Gad Elmaleh: American Dream,,,,
Heather McMahan: Son I Never Had,,,78%,positive
It's Worth It by Dani Rovira,,,,
Ivy + Bean: Doomed to Dance,,,57%,negative
Jack Whitehall: Settle Down,,,47%,negative
Jeff Dunham: Beside Himself,,,71%,positive
Johanna Nordström: Call the Police,,,,
Jonas,,,,
Just Say Yes,,,25%,negative
Kevin Hart: The Kennedy Center Mark Twain Prize for American Humor,,,14%,negative
Little Big Mouth,,,,
Little Miss Sumo,,,80%,positive
Makayla's Voice: A Letter to the World,,,,
Man of God,,,,
Maniyarayile Ashokan,,,,
Manmadhudu 2,,,,
Mehandi Circus,,,,
My Amanda,,,,
Nam June Paik: Moon is the Oldest TV,90%,positive,,
Panayotis Pascot: Almost,,,,
Perú: tesoro escondido,,,,
Pyaar Ke Do Pal,,,50%,negative
Rachid Badouri: Les fleurs du tapis,,,,
Rajma Chawal,57%,negative,,
Reversing Roe,88%,positive,65%,positive
Rhythm + Flow France: After the Beat,,,,
Rodrigo Marques: King of Uncouth,,,,
Ryan Hamilton: Happy Face,,,,
Silent,,,43%,negative
The Fort,,,,
The Joys and Sorrows of Young Yuguo,,,,
Thottappan,,,,
Tòkunbò,,,,
Unbroken,,,,
Yintah,,,,
Adam Devine: Best Time of Our Lives,,,80%,positive
Adhugo,,,,
Amandla,,,,
Bandie,,,,
"Celeste Barber: Fine, Thanks",,,64%,positive
Chad Daniels: Empty Nester,,,,
Chadi Jawani Budhe Nu,,,,
Chappelle's Home Team - Donnell Rawlings: A New Day,,,70%,positive
Chief Daddy,,,,
CounterPunch,,,57%,negative
DEAW#13 Udom Taephanich Stand Up Comedy Show,,,,
Demetri Martin: Demetri Deconstructed,,,60%,positive
Disconnect,,,,
E-Team,82%,positive,74%,positive
Fanatyk,,,,
Fortune Feimster: Sweet & Salty,,,85%,positive
Franco Escamilla: Eavesdropping,,,67%,positive
Furtive,,,40%,negative
Geez & Ann,,,,
Higuita: The Way of the Scorpion,,,50%,negative
Ijogbon,,,,
Iliza Shlesinger: Hot Forever,,,41%,negative
I’m Still a Superstar,,,,
Jaal,,,,
Jada,,,,
Jane Fonda & Lily Tomlin: Ladies Night Live,,,57%,negative
Jani Dueñas: Grandes fracasos de ayer y hoy,,,,
Jeff Dunham: Controlled Chaos,,,81%,positive
Jim Jefferies: High n' Dry,,,55%,negative
June & Kopi,,,75%,positive
Kabuki Akadousuzunosuke,,,,
Kevin Hart & Chris Rock: Headliners Only,,,,
Khoon Khoon,,,,
Kings of Mulberry Street: Let Love Reign,,,,
Kongsi Raya,,,,
La leyenda del diamante,,,,
Lal Patthar,,,,
LiSA Another Great Day,,,,
Love at First Stream,,,,
Manoranjan,,,,
Mujrim,,,,
Namaste Wahala,,,,
Princess Dayareese,,,,
Resurface,,,71%,positive
Romesh Ranganathan: The Cynic,,,78%,positive
Rooting for Roona,,,,
Sisters on Track,100%,positive,67%,positive
Sit Down with Stand Up Udom Taephanich ,,,,
Sitara: Let Girls Dream,,,77%,positive
Steve Treviño: Simple Man,,,,
The Hall: Honoring the Greats of Stand-Up,,,56%,negative
The Light We Carry: Michelle Obama and Oprah Winfrey,,,,
Time to Dance,,,,
Trippin' With the Kandasamys,,,67%,positive
Uriyadi 2,,,,
Whindersson Nunes: Preaching to the Choir,,,,
Whitney Cummings: Jokes,,,10%,negative
Your Excellency,,,,
Baby Mamas,,,,
Heroin(e),,,,
Kev Adams: The Real Me,,,,
Mathieu Dufour at Bell Centre,,,,
